True_X,True_Y,Pred_X,Pred_Y,Pred_X_Smooth,Pred_Y_Smooth
26.687113,7.7200003,25.679155,7.750177,25.691994667053223,7.738142490386963
26.643745,7.7200003,25.66702,7.7596917,25.691685994466145,7.736888620588514
26.596489,7.7200003,25.670511,7.7694354,25.695542526245116,7.734580850601196
26.575914,7.7200003,25.71119,7.7240653,25.697717666625977,7.732877167788419
26.533104,7.7200003,25.683567,7.738518,25.69780699412028,7.731601397196452
26.485289,7.7200003,25.693161,7.724583,25.700074415940506,7.730248047755315
26.467497,7.7200003,25.720058,7.7174735,25.702107701982772,7.72891548701695
26.42135,7.7200003,25.711294,7.7211957,25.703055063883465,7.7278978029886884
26.372423,7.7200003,25.689217,7.7268577,25.70664405822754,7.725463167826335
26.35352,7.7200003,25.730251,7.713811,25.71102981567383,7.722294616699219
26.298477,7.7200003,25.71947,7.7158403,25.714514414469402,7.718511708577474
26.26623,7.7200003,25.69879,7.717568,25.71596539815267,7.717741743723551
26.244545,7.7200003,25.727283,7.714008,25.719523874918618,7.716018104553223
26.200068,7.7200003,25.72854,7.711592,25.721894709269204,7.715134366353353
26.15559,7.7200003,25.716318,7.71365,25.72270253499349,7.714864667256673
26.1289,7.7200003,25.73299,7.7136574,25.72421671549479,7.714341608683268
26.084421,7.7200003,25.732807,7.7121634,25.727612431844076,7.71332753499349
26.043278,7.7200003,25.72278,7.712692,25.72761828104655,7.713269233703613
26.022152,7.7200003,25.732954,7.712516,25.728943252563475,7.713157749176025
25.969887,7.7200003,25.736944,7.7126637,25.731715393066406,7.712829462687174
25.950983,7.7200003,25.728724,7.711327,25.732108688354494,7.712704277038574
25.910954,7.7200003,25.732176,7.713428,25.732716878255207,7.712876987457276
25.865917,7.7200003,25.734007,7.71335,25.734196599324545,7.71289971669515
25.841454,7.7200003,25.740152,7.7116466,25.733938852945965,7.712668673197428
25.796976,7.7200003,25.73034,7.7129364,25.734385426839193,7.7128633181254065
25.750828,7.7200003,25.739344,7.714168,25.735369618733724,7.713094933827718
25.730257,7.7200003,25.740372,7.7126436,25.735448837280273,7.712987836201986
25.68522,7.7200003,25.733183,7.71213,25.735563532511392,7.713093630472819
25.644634,7.7200003,25.737663,7.714183,25.73598467508952,7.713468678792318
25.62184,7.7200003,25.738514,7.713991,25.736528650919595,7.713473892211914
25.575136,7.7200003,25.729124,7.7101917,25.73652826944987,7.713465023040771
25.532326,7.7200003,25.739506,7.715083,25.736478551228842,7.713696066538493
25.510641,7.7200003,25.737543,7.716166,25.73661600748698,7.7138701438903805
25.449484,7.7200003,25.734142,7.7109094,25.736487706502277,7.713760153452555
25.42224,7.7200003,25.738665,7.7142506,25.736208724975587,7.713979816436767
25.4,7.7200003,25.73504,7.716953,25.73616739908854,7.714055220286052
25.4,7.7200003,25.740335,7.713506,25.735646438598632,7.714064661661784
25.4,7.741195,25.734001,7.713217,25.73527717590332,7.7141362508138025
25.4,7.7662454,25.739407,7.715112,25.735912577311197,7.714645671844482
25.4,7.8120093,25.7324,7.7155476,25.734938049316405,7.714617888132731
25.4,7.8365774,25.73742,7.712518,25.73300132751465,7.714571634928386
25.4,7.863554,25.736187,7.7159386,25.73330396016439,7.715110365549723
25.4,7.907872,25.732563,7.713261,25.73000119527181,7.715716520945231
25.4,7.9314766,25.729849,7.7143245,25.728813552856444,7.71573839187622
25.4,7.9603806,25.732975,7.715065,25.726306788126628,7.716312599182129
25.4,8.003254,25.738655,7.717833,25.723456827799478,7.717010402679444
25.4,8.02734,25.724888,7.7146664,25.71665751139323,7.71811138788859
25.4,8.056244,25.708492,7.715472,25.714391072591145,7.718658415476481
25.4,8.099117,25.738682,7.7189903,25.70604133605957,7.721090666453043
25.4,8.132838,25.689123,7.723343,25.684237798055012,7.727512232462565
25.4,8.171858,25.717226,7.717281,25.6772944132487,7.729347674051921
25.4,8.210396,25.702734,7.7221193,25.667932764689127,7.7319791158040365
25.4,8.249415,25.691252,7.723684,25.63446922302246,7.743575572967529
25.4,8.289399,25.637417,7.731627,25.60025011698405,7.7537723223368324
25.4,8.32601,25.698404,7.723753,25.579211298624674,7.759875520070394
25.4,8.364548,25.612173,7.749002,25.536424763997395,7.776365470886231
25.4,8.383817,25.409134,7.812262,25.492467244466145,7.7929945627848305
25.4,8.422836,25.628412,7.7407928,25.449895985921223,7.808305613199869
25.4,8.460893,25.589424,7.753796,25.405619939168293,7.827927176157633
25.4,8.502803,25.231022,7.889012,25.381735865275065,7.858067798614502
25.4,8.539413,25.225368,7.8707843,25.353437169392905,7.8861132303873696
25.4,8.557238,25.409306,7.8062143,25.335792541503906,7.91822125116984
25.4,8.596257,25.066694,7.9628215,25.31381607055664,7.9510724703470865
25.4,8.636241,25.079319,7.9684267,25.302104187011718,7.985833485921224
25.4,8.653583,25.050554,7.9530087,25.30126533508301,8.014075565338135
25.4,8.692602,25.053085,8.011604,25.286767705281576,8.047507985432942
25.4,8.73114,25.344473,8.174229,25.275919596354168,8.081978638966879
25.4,8.7499275,25.266771,8.144365,25.289387130737303,8.10700766245524
25.4,8.787984,25.372747,8.213247,25.311045328776043,8.154666169484456
25.4,8.826522,25.368757,8.216521,25.321063995361328,8.194854005177815
25.4,8.847236,25.436495,8.270417,25.351985931396484,8.237209574381511
25.4,8.884329,25.396551,8.235893,25.381620407104492,8.276854133605957
25.4,8.931538,25.410948,8.242279,25.413173548380534,8.326208114624023
25.4,8.956106,25.426702,8.270856,25.44303258260091,8.385477447509766
25.4,8.980674,25.433035,8.264447,25.450134150187175,8.433454831441244
25.4,9.026919,25.550241,8.585662,25.46306470235189,8.475315793355305
25.4,9.051005,25.559586,8.409032,25.465913645426433,8.52261079152425
25.4,9.098697,25.530523,8.598155,25.470860290527344,8.564454714457193
25.4,9.135307,25.523836,8.563095,25.476805369059246,8.627843856811523
25.4,9.17529,25.523851,8.693318,25.48815320332845,8.693752861022949
25.4,9.1940775,25.50097,8.900644,25.49999211629232,8.764616203308105
25.4,9.232615,25.450996,8.893889,25.506191126505534,8.831508572896322
25.4,9.270672,25.46073,8.77228,25.511494064331053,8.901902325948079
25.4,9.289459,25.415482,8.922672,25.51209398905436,8.949295934041341
25.4,9.32896,25.442957,8.84418,25.51057103474935,9.009158770243326
25.4,9.367017,25.525671,9.221254,25.51047681172689,9.058300272623699
25.4,9.384841,25.566769,9.224528,25.512517547607423,9.109772300720214
25.4,9.425305,25.588531,9.305229,25.514658482869468,9.151822408040365
25.4,9.4648075,25.519688,9.274241,25.517925516764322,9.180969619750977
25.4,9.482631,25.512579,9.3203535,25.524854532877605,9.211420885721843
25.4,9.525504,25.55924,9.296566,25.532689158121745,9.247970453898112
25.4,9.5587435,25.536741,9.306974,25.542600377400717,9.27681941986084
25.4,9.597281,25.52911,9.335278,25.551990254720053,9.312356313069662
25.4,9.640155,25.554447,9.3351755,25.556085713704427,9.321773338317872
25.4,9.677248,25.555965,9.32407,25.558500289916992,9.337942186991373
25.4,9.713859,25.549976,9.3378525,25.55804303487142,9.344555536905924
25.4,9.753842,25.554932,9.350658,25.562804794311525,9.354729843139648
25.4,9.792862,25.578249,9.320523,25.568845240275063,9.37282231648763
25.4,9.828991,25.56415,9.355407,25.57094751993815,9.385192680358887
25.4,9.847778,25.583805,9.3772335,25.573872248331707,9.391352144877116
25.4,9.886798,25.587103,9.36251,25.578860727945962,9.41818904876709
25.4,9.932562,25.602987,9.467061,25.583391443888345,9.45644957224528
25.4,9.9571295,25.581673,9.404429,25.58602091471354,9.477869351704916
25.4,9.983143,25.591114,9.426856,25.591358820597332,9.518408648173015
25.4,10.02987,25.603186,9.591741,25.59535929361979,9.547864532470703
25.4,10.051548,25.590775,9.482121,25.598038228352866,9.591976801554361
25.4,10.079488,25.580612,9.399366,25.599524561564127,9.607248179117839
25.4,10.125252,25.603937,9.737831,25.60119768778483,9.647108332316082
25.4,10.147893,25.622408,9.909083,25.603304799397787,9.685732014973958
25.4,10.175833,25.595407,9.645367,25.602326838175454,9.714011955261231
25.4,10.220152,25.630045,9.945942,25.60330123901367,9.750028165181478
25.4,10.243275,25.614939,9.792497,25.603269577026367,9.783064905802409
25.4,10.272178,25.618433,9.982207,25.60328903198242,9.809409141540527
25.4,10.313606,25.586445,9.584477,25.6025271097819,9.842414728800456
25.4,10.336729,25.608902,9.975136,25.605419286092122,9.88286673227946
25.4,10.372858,25.61871,9.941865,25.604563776652018,9.8980318069458
25.4,10.409951,25.588318,9.89126,25.60342763264974,9.905285835266113
25.4,10.432592,25.596289,9.944673,25.604035568237304,9.929971758524577
25.4,10.465349,25.59064,9.922407,25.601951344807944,9.93493709564209
25.4,10.503887,25.603477,9.986904,25.59991022745768,9.95572738647461
25.4,10.542907,25.579346,9.977205,25.59742851257324,9.969196955362955
25.4,10.58,25.623995,10.006146,25.598755264282225,10.005832036336264
25.4,10.58,25.591105,9.965307,25.594607798258462,10.02183837890625
25.35174,10.58,25.605366,10.017894,25.589498392740886,10.039753850301107
25.322939,10.58,25.604527,10.0156555,25.591324869791666,10.057981872558594
25.24743,10.58,25.598782,10.020422,25.590762583414712,10.075046221415201
25.197615,10.58,25.584322,10.104351,25.58791707356771,10.09545160929362
25.135342,10.58,25.581207,10.184251,25.584187952677407,10.110902722676595
25.09331,10.58,25.606346,10.134004,25.583371734619142,10.127347882588705
25.041935,10.58,25.54669,10.215231,25.580347061157227,10.139063517252604
24.98044,10.58,25.542068,10.210597,25.581086349487304,10.152838452657063
24.939964,10.58,25.615715,10.1646805,25.578953806559245,10.165348688761393
24.885477,10.58,25.587854,10.200638,25.575322723388673,10.177295239766439
24.821648,10.58,25.547956,10.228488,25.57284278869629,10.188906923929851
24.785063,10.58,25.54754,10.218671,25.572461573282876,10.194813855489095
24.72902,10.58,25.567102,10.223883,25.567212295532226,10.195647112528484
24.667522,10.58,25.578625,10.181881,25.563197962443034,10.200635274251303
24.627827,10.58,25.602194,10.171931,25.558144760131835,10.198322105407716
24.574114,10.58,25.573378,10.205547,25.54990946451823,10.19525883992513
24.511845,10.58,25.55006,10.194854,25.540349578857423,10.196883646647136
24.476818,10.58,25.561583,10.194597,25.533196894327798,10.195814005533855
24.419992,10.58,25.578604,10.192955,25.524740091959636,10.190847269694011
24.350716,10.58,25.502468,10.19675,25.513032913208008,10.184694544474285
24.321917,10.58,25.546131,10.208826,25.502275212605795,10.179352569580079
24.262756,10.58,25.470892,10.180533,25.490637715657552,10.174868392944337
24.194256,10.58,25.41854,10.164648,25.47726338704427,10.170974032084148
24.168568,10.58,25.472317,10.189053,25.463241195678712,10.165116182963054
24.107079,10.58,25.480564,10.184593,25.451176579793295,10.159634272257486
24.045582,10.58,25.421104,10.153987,25.441861852010092,10.155442365010579
24.014446,10.58,25.371933,10.12638,25.42228406270345,10.151816240946452
23.951397,10.58,25.405737,10.143753,25.41230646769206,10.14622319539388
23.889124,10.58,25.404062,10.114618,25.4026616414388,10.140490913391114
23.82685,10.58,25.401579,10.113516,25.398675791422527,10.136581738789877
23.792603,10.58,25.363045,10.11768,25.398038609822592,10.133727645874023
23.734222,10.58,25.369091,10.112625,25.393574269612632,10.129866409301759
23.671947,10.58,25.421862,10.131719,25.389168294270835,10.125898679097494
23.638475,10.58,25.284937,10.138563,25.389711888631187,10.125659243265789
23.57854,10.58,25.352804,10.112854,25.375295384724936,10.127270062764486
23.515491,10.58,25.401459,10.122842,25.37388343811035,10.127272987365723
23.431423,10.58,25.411104,10.121896,25.37654355367025,10.131456057230631
23.398731,10.58,25.408981,10.121837,25.373990631103517,10.133088239034016
23.318556,10.58,25.405352,10.131134,25.324443689982097,10.14264628092448
23.267181,10.58,25.414474,10.125077,25.321944936116537,10.146516545613606
23.205687,10.58,25.429258,10.150395,25.319910049438477,10.149024836222331
23.167545,10.58,25.155685,10.150542,25.275686518351236,10.157135073343913
23.11072,10.58,25.384558,10.143797,25.26589673360189,10.163553428649902
23.04845,10.58,25.443964,10.177364,25.263073857625326,10.166459019978841
23.012644,10.58,25.363285,10.137999,25.226591491699217,10.173694229125976
22.955042,10.58,24.61984,10.26105,25.135448455810547,10.19257640838623
22.89277,10.58,25.33161,10.170679,25.131170781453452,10.194920794169109
22.860855,10.58,25.391338,10.169343,25.061758041381836,10.213143412272135
22.797806,10.58,24.621584,10.260217,24.957039388020835,10.233322461446127
22.734755,10.58,25.205957,10.209129,24.869009272257486,10.254612032572428
22.705954,10.58,25.359116,10.166426,24.768649546305337,10.276402028401693
22.629671,10.58,24.863869,10.230424,24.66202303568522,10.296109199523926
22.581411,10.58,24.041836,10.405069,24.561324564615884,10.319247436523437
22.54716,10.58,25.341187,10.1663,24.5097536722819,10.33447634379069
22.48878,10.58,24.373283,10.3984165,24.40958417256673,10.355628267923992
22.42651,10.58,23.858479,10.453081,24.307810465494793,10.377122370402018
22.395374,10.58,23.835234,10.469886,24.2548090616862,10.391388448079427
22.333878,10.58,23.879162,10.470647,24.163691075642905,10.410244623819986
22.270828,10.58,23.844566,10.472972,24.06114044189453,10.432210731506348
22.238134,10.58,23.852808,10.485072,23.99379997253418,10.450632031758627
22.174305,10.58,23.846277,10.489484,23.980170440673827,10.456615956624349
22.114368,10.58,23.829067,10.487958,23.877964401245116,10.477923774719239
22.084791,10.58,23.864733,10.491755,23.840583674112956,10.48585287729899
22.02174,10.58,23.826563,10.474208,23.837611643473306,10.488916778564453
21.958689,10.58,23.839188,10.491972,23.835152180989585,10.490030161539714
21.924437,10.58,23.820856,10.495917,23.827039337158205,10.492540232340495
21.86528,10.58,23.853762,10.506743,23.824832026163737,10.495317459106445
21.79211,10.58,23.837393,10.494828,23.820643107096355,10.496022542317709
21.768759,10.58,23.808096,10.485917,23.813536326090496,10.49826882680257
21.7096,10.58,23.812572,10.517353,23.807961908976235,10.502948824564616
21.648108,10.58,23.813898,10.49904,23.801201883951823,10.50486068725586
21.616192,10.58,23.798342,10.486587,23.794865798950195,10.509894561767577
21.553143,10.58,23.75747,10.508298,23.78597183227539,10.516040738423666
21.490091,10.58,23.811457,10.51463,23.80848592122396,10.511869049072265
21.458956,10.58,23.789974,10.495648,23.803288904825845,10.51494223276774
21.39357,10.58,23.739676,10.523178,23.809916051228843,10.513538805643718
21.355429,10.58,23.745451,10.558158,23.82013371785482,10.514257367451986
21.30561,10.58,23.763332,10.520432,23.813356272379558,10.507250658671062
21.243338,10.58,23.731522,10.549716,23.80257937113444,10.504141998291015
21.20364,10.58,23.705778,10.584165,23.80131721496582,10.501097170511882
21.146038,10.58,24.158567,10.433342,23.79171765645345,10.495567766825358
21.08143,10.58,23.775806,10.552841,23.77616589864095,10.491963704427084
21.049517,10.58,23.9368,10.473777,23.754762903849283,10.487099774678548
20.988022,10.58,23.96136,10.4966955,23.75036532084147,10.480729993184408
20.931978,10.58,23.71091,10.412252,23.726429748535157,10.475036366780598
20.89695,10.58,23.652245,10.45241,23.703005854288737,10.470917383829752
20.837791,10.58,23.77941,10.440914,23.67565981547038,10.4656192779541
20.775518,10.58,23.613476,10.425357,23.647693252563478,10.457690938313801
20.74127,10.58,23.57818,10.460569,23.57364298502604,10.452777163187664
20.682112,10.58,23.46893,10.422689,23.51747029622396,10.437621370951335
20.611277,10.58,23.673712,10.427631,23.446371841430665,10.425093905131023
20.587925,10.58,23.386417,10.472754,23.316472244262695,10.414575386047364
20.52643,10.58,23.411974,10.458648,23.233353424072266,10.402147928873697
20.464937,10.58,23.321331,10.470244,23.15460713704427,10.388360341389975
20.428352,10.58,23.28628,10.46524,23.055258178710936,10.377788734436034
20.369972,10.58,23.047813,10.359635,22.97352867126465,10.36584930419922
20.306921,10.58,22.933216,10.325504,22.90493698120117,10.348562049865723
20.277342,10.58,22.870323,10.285865,22.80515111287435,10.342400741577148
20.2104,10.58,22.012867,10.338918,22.73246930440267,10.326456514994304
20.15202,10.58,22.464128,10.225841,22.589743169148765,10.325646273295085
20.089748,10.58,22.47105,10.245596,22.519757970174155,10.307710138956706
20.06017,10.58,22.289175,10.28234,22.44587631225586,10.297982851664225
19.997118,10.58,22.387533,10.246265,22.365161005655924,10.287013498942057
19.934067,10.58,22.549305,10.201261,22.33324826558431,10.274256388346354
19.899818,10.58,21.972141,10.33027,22.225745010375977,10.282964070638021
19.84066,10.58,22.583485,10.188468,22.17647018432617,10.283993784586588
19.774494,10.58,21.245525,10.4606,22.18160883585612,10.281799379984538
19.741802,10.58,22.362196,10.189606,22.15174242655436,10.288334401448568
19.686535,10.58,22.213106,10.324335,21.99126345316569,10.311119588216146
19.614923,10.58,22.07555,10.300699,21.977364349365235,10.310899670918783
19.584566,10.58,22.569122,10.168279,21.833710606892904,10.33161538441976
19.530855,10.58,21.320667,10.45612,21.678320693969727,10.358571879069011
19.459242,10.58,22.1312,10.301311,21.661431503295898,10.35251661936442
19.432777,10.58,22.089947,10.306002,21.511471048990884,10.376927248636882
19.375175,10.58,22.016132,10.323866,21.430107243855794,10.386336390177409
19.312124,10.58,20.063866,10.587374,21.34026667277018,10.395871798197428
19.27554,10.58,22.080688,10.279041,21.222229766845704,10.408584213256836
19.213268,10.58,20.232727,10.557001,21.05465596516927,10.428729756673176
19.15411,10.58,20.218456,10.605608,20.89458401997884,10.450659624735515
19.120638,10.58,21.718803,10.239441,20.815138626098634,10.452932294209798
19.057589,10.58,20.334078,10.554627,20.647524261474608,10.472244389851888
19.001543,10.58,20.025068,10.601737,20.490768178304037,10.489578946431477
18.970407,10.58,21.014587,10.332637,20.33884506225586,10.502535502115885
18.908134,10.58,20.442553,10.515021,20.290619150797525,10.5010098139445
18.839636,10.58,19.561943,10.602882,20.099003728230795,10.525029309590657
18.814726,10.58,20.168043,10.497227,20.036509323120118,10.527183723449706
18.750898,10.58,20.128986,10.49021,19.950742212931313,10.519640731811524
18.689404,10.58,19.616985,10.590992,19.760342025756835,10.536699231465658
18.658268,10.58,19.738605,10.56602,19.67028376261393,10.5312068939209
18.595995,10.58,19.737286,10.518214,19.580416361490887,10.51994457244873
18.53528,10.58,19.340477,10.564488,19.39256540934245,10.529232279459636
18.503366,10.58,19.206457,10.639334,19.27282435099284,10.520317204793294
18.437202,10.58,19.295311,10.589317,19.182964579264322,10.509447479248047
18.372595,10.58,18.93195,10.492463,19.040956370035808,10.505725224812826
18.346128,10.58,18.8628,10.495318,18.915939458211263,10.49944356282552
18.283857,10.58,18.983204,10.472242,18.804324340820312,10.488696924845378
18.216915,10.58,18.677057,10.432802,18.694699478149413,10.478946304321289
18.191227,10.58,18.196823,10.471952,18.570812098185222,10.472965876261393
18.128956,10.58,18.646437,10.381295,18.48084411621094,10.464736048380534
18.062012,10.58,18.214046,10.4398365,18.387283706665038,10.449282264709472
18.032433,10.58,18.03792,10.441393,18.276440556844076,10.440857632954915
17.969383,10.58,18.253733,10.395985,18.19687474568685,10.439056777954102
17.907888,10.58,17.942759,10.429792,18.118242009480795,10.4360808690389
17.877531,10.58,18.094233,10.419761,18.0331116994222,10.437239011128744
17.817595,10.58,17.878975,10.428508,17.936771138509116,10.437755076090495
17.756102,10.58,17.990957,10.441041,17.881032180786132,10.437648709615072
17.725744,10.58,17.803051,10.407527,17.77835578918457,10.433595021565756
17.661137,10.58,17.632664,10.462948,17.69564692179362,10.427949651082356
17.622215,10.58,17.738462,10.46545,17.628140513102213,10.422308413187663
17.568506,10.58,17.68331,10.45068,17.542024993896483,10.416541926066081
17.50312,10.58,17.70625,10.4896145,17.464994430541992,10.41078650156657
17.46498,10.58,17.231949,10.440543,17.375729242960613,10.410869153340657
17.412827,10.58,17.360739,10.470357,17.295639038085938,10.410091845194499
17.351332,10.58,17.10629,10.32049,17.20789477030436,10.404189491271973
17.315525,10.58,16.973413,10.355156,17.123886362711588,10.404700915018717
17.257145,10.58,17.025324,10.356774,17.041270955403647,10.403983942667644
17.194096,10.58,16.962,10.309487,16.955079142252604,10.395901044209799
17.16296,10.58,16.7873,10.343461,16.851353454589844,10.40462589263916
17.100687,10.58,16.755255,10.4210005,16.739023717244468,10.406615193684896
17.039194,10.58,16.677622,10.416848,16.663839721679686,10.40498046875
17.007278,10.58,16.674793,10.352506,16.584939448038735,10.409185218811036
16.940336,10.58,16.542925,10.415198,16.513254928588868,10.422382100423176
16.882734,10.58,16.393433,10.452193,16.45199089050293,10.424123764038086
16.852377,10.58,16.445585,10.344207,16.373784065246582,10.432875633239746
16.78777,10.58,16.127424,10.5815525,16.291151364644367,10.448766199747721
16.722383,10.58,16.021303,10.519454,16.225690778096517,10.457108306884766
16.696697,10.58,16.104189,10.416022,16.141452153523762,10.463353411356609
16.634424,10.58,16.177235,10.533428,16.061015701293947,10.467002614339192
16.572931,10.58,16.031023,10.518443,15.979835764567058,10.474970817565918
16.54024,10.58,16.054453,10.381281,15.904671414693196,10.478200658162434
16.467848,10.58,15.8522215,10.488052,15.841722997029622,10.4795773824056
16.417252,10.58,15.722509,10.547846,15.770075416564941,10.486212984720867
16.384558,10.58,15.805391,10.468593,15.717265192667643,10.478153800964355
16.311388,10.58,15.491675,10.514677,15.674263064066569,10.473542976379395
16.260014,10.58,15.471075,10.471586,15.622289212544759,10.474322001139322
16.19852,10.58,15.457094,10.472029,15.562919680277506,10.466710472106934
16.161936,10.58,15.41546,10.463646,15.507227389017741,10.467751375834148
16.105112,10.58,15.449206,10.472844,15.445971171061197,10.474486033121744
16.040504,10.58,15.370872,10.443741,15.403683280944824,10.47336940765381
16.007034,10.58,15.335271,10.460665,15.362514241536458,10.470776430765788
15.950211,10.58,15.376271,10.450292,15.311426162719727,10.474425125122071
15.881711,10.58,15.324581,10.427708,15.280151748657227,10.479759025573731
15.85291,10.58,15.286692,10.419255,15.248974100748699,10.489999389648437
15.79453,10.58,15.195639,10.534057,15.217005983988445,10.492251014709472
15.729923,10.58,15.13561,10.482301,15.183867772420248,10.501656977335612
15.69723,10.58,15.217903,10.471303,15.151325988769532,10.514295514424642
15.632623,10.58,15.104974,10.508951,15.120164108276366,10.524906794230143
15.573464,10.58,15.03907,10.523323,15.09419943491618,10.533139928181965
15.544664,10.58,15.022559,10.594686,15.060286331176759,10.546217473347982
15.48239,10.58,15.00341,10.625192,15.028237024943033,10.562583414713542
15.4208975,10.58,14.977572,10.505803,14.995256996154785,10.580229695638021
15.388206,10.58,14.918386,10.604735,14.969570795694986,10.590687497456868
15.327491,10.58,14.96108,10.662422,14.944306310017904,10.60610326131185
15.26366,10.58,14.903443,10.60291,14.911102040608723,10.620542271931965
15.232525,10.58,14.945801,10.584162,14.88827298482259,10.634316062927246
15.169474,10.58,14.867575,10.646455,14.862767283121745,10.646030489603678
15.10331,10.58,14.843842,10.673197,14.836839739481608,10.652627436319987
15.077621,10.58,14.791991,10.683949,14.81376387278239,10.657913653055827
15.016908,10.58,14.810346,10.690924,14.791195424397786,10.672583071390788
14.953856,10.58,14.756642,10.713537,14.76754461924235,10.680107434590658
14.922722,10.58,14.719839,10.687888,14.738886324564616,10.68180643717448
14.858892,10.58,14.762538,10.715558,14.715087254842123,10.690710258483886
14.784944,10.58,14.656485,10.699039,14.684380722045898,10.697994995117188
14.764706,10.58,14.633646,10.69364,14.656555875142415,10.70020694732666
14.70399,10.58,14.657272,10.704485,14.634515190124512,10.704818789164225
14.643275,10.58,14.639046,10.725844,14.60879758199056,10.704816881815592
14.6113615,10.58,14.563624,10.717601,14.583289210001627,10.705112330118816
14.542861,10.58,14.531205,10.687907,14.560943603515625,10.70601978302002
14.485259,10.58,14.546457,10.736467,14.546643002827961,10.711030642191568
14.452566,10.58,14.485203,10.693433,14.524157206217447,10.71117254892985
14.387181,10.58,14.450202,10.679634,14.50803737640381,10.713735516866048
14.330358,10.58,14.513231,10.742374,14.498545074462891,10.719417953491211
14.3,10.58,14.406227,10.683921,14.480287869771322,10.720288467407226
14.3,10.58,14.42772,10.695355,14.470532353719076,10.723888969421386
14.3,10.676126,14.421458,10.727149,14.465350151062012,10.729586601257324
14.3,10.737582,14.50533,10.763051,14.457482846577962,10.732305971781413
14.3,10.7943125,14.425251,10.717687,14.452322324117025,10.734406725565593
14.3,10.833708,14.414687,10.737484,14.442606925964355,10.766075325012206
14.3,10.8951645,14.4912615,10.778876,14.437904485066731,10.792539151509603
14.3,10.950318,14.383414,10.717543,14.42550106048584,10.82103188832601
14.3,10.990502,14.492713,10.779852,14.423384539286296,10.848061498006185
14.3,11.052747,14.485891,10.803065,14.411183420817057,10.897807947794597
14.3,11.106325,14.413196,10.728698,14.400239690144856,10.93943068186442
14.3,11.147297,14.469049,10.767979,14.3812406539917,10.98623415629069
14.3,11.209541,14.339472,11.168462,14.364650853474934,11.044152069091798
14.3,11.267847,14.379665,11.0765915,14.348429679870605,11.098926099141439
14.3,11.304879,14.32718,11.169765,14.324191538492839,11.15691687266032
14.3,11.3687,14.374479,11.089365,14.309687360127766,11.213403765360514
14.3,11.4191265,14.244703,11.441552,14.287503433227538,11.274326006571451
14.3,11.463249,14.257302,11.35149,14.265889358520507,11.336417961120606
14.3,11.534162,14.220345,11.465103,14.251043637593588,11.403916358947754
14.3,11.572769,14.176404,11.586455,14.235151290893555,11.47293135325114
14.3,11.620044,14.17137,11.559094,14.224360148111979,11.512427711486817
14.3,11.699623,14.127689,11.648738,14.202227020263672,11.573668479919434
14.3,11.729564,14.165852,11.564846,14.18292433420817,11.629971249898274
14.3,11.7792015,14.159954,11.693686,14.166534741719564,11.684226163228352
14.3,11.848538,14.16168,11.734445,14.156135622660319,11.718053944905598
14.3,11.884782,14.19051,11.741174,14.140290768941243,11.767776171366373
14.3,11.935208,14.230664,11.803204,14.123182169596355,11.812012926737468
14.3,12.002181,14.177605,11.760907,14.103453954060873,11.849742444356282
14.3,12.040789,14.047668,11.995203,14.099164009094238,11.903513844807943
14.3,12.0959425,14.03764,12.014307,14.08738562266032,11.94256960550944
14.3,12.1621275,14.128635,11.903189,14.07212855021159,11.98891938527425
14.3,12.197583,14.0887165,11.948969,14.077681223551432,12.044878387451172
14.3,12.250373,14.0196295,12.097323,14.084174537658692,12.099629592895507
14.3,12.314194,13.963716,12.1286545,14.086552238464355,12.157334963480631
14.3,12.381166,13.880481,12.152398,14.086479886372883,12.207498804728191
14.3,12.407955,14.10702,12.365665,14.090887832641602,12.266269302368164
14.3,12.470988,13.951014,12.234574,14.103586705525716,12.307365989685058
14.3,12.537961,13.9369955,12.260093,14.117001469930013,12.348948351542155
14.3,12.565537,14.243244,12.533071,14.125056584676107,12.400530815124512
14.3,12.629358,14.25908,12.555713,14.136847114562988,12.457032903035481
14.3,12.691604,14.226175,12.606754,14.152393849690755,12.510346285502116
14.3,12.74203,14.229579,12.555661,14.173084704081218,12.555267969767252
14.3,12.786153,14.243724,12.642465,14.19880313873291,12.606849416097004
14.3,12.849974,14.238152,12.611653,14.206221644083659,12.646923637390136
14.3,12.898037,14.238861,12.638042,14.227197710673014,12.71723289489746
14.3,12.944524,14.249462,12.676926,14.25042012532552,12.772332127888998
14.3,13.008345,14.265574,12.7965,14.246637725830078,12.832257016499836
14.3,13.065074,14.2528305,12.897024,14.248869323730469,12.894700813293458
14.3,13.101318,14.274078,12.80248,14.248688507080079,12.952396138509114
14.3,13.1643505,14.266257,12.92612,14.246251169840495,13.023365529378255
14.3,13.209262,14.218298,12.966779,14.243779627482096,13.08743356068929
14.3,13.261264,14.265655,13.289213,14.242927106221517,13.1589661916097
14.3,13.327449,14.285332,13.086581,14.241001892089844,13.223298454284668
14.3,13.365269,14.186508,13.431944,14.237676302591959,13.294074567159017
14.3,13.418058,14.292554,13.49237,14.235612360636393,13.371251360575359
14.3,13.448787,14.223463,13.472184,14.235035260518393,13.434144528706868
14.3,13.519699,14.193019,13.620202,14.234379069010417,13.514851506551107
14.3,13.574853,14.206651,13.603485,14.238524309794109,13.589575322469075
14.3,13.606369,14.225364,13.684643,14.250570678710938,13.665087254842122
14.3,13.676494,14.209983,13.603026,14.259618441263834,13.717255783081054
14.3,13.7316475,14.199578,13.738567,14.267591985066732,13.79121888478597
14.3,13.793104,14.234615,13.954152,14.281290054321289,13.839837710062662
14.3,13.8325,14.244174,13.840422,14.285351181030274,13.893591753641765
14.3,13.893169,14.2642355,14.013084,14.287233479817708,13.958107121785481
14.3,13.953838,14.328436,14.046977,14.286424446105958,14.019665209452311
14.3,13.988506,14.3989935,14.099458,14.282725715637207,14.085656674702962
14.3,14.0476,14.401371,14.071741,14.27743314107259,14.144788869222005
14.3,14.10433,14.404935,14.196028,14.271663920084636,14.215924263000488
14.3,14.144513,14.391979,14.161226,14.261396789550782,14.286896959940593
14.3,14.208334,14.353471,14.29868,14.252639389038086,14.338018735249838
14.3,14.261125,14.251698,14.439915,14.240212313334148,14.407335344950358
14.3,14.2989435,14.180883,14.543573,14.225690333048503,14.462664731343587
14.3,14.361977,14.15117,14.593357,14.19984474182129,14.527208836873372
14.3,14.418706,14.145975,14.571626,14.168068186442058,14.588503328959147
14.3,14.456528,14.123445,14.670057,14.149276161193848,14.646006011962891
14.3,14.521135,14.045571,14.803158,14.12616360982259,14.701206843058268
14.3,14.574713,14.103254,14.720979,14.115367444356282,14.770707066853841
14.3,14.614108,14.057768,14.880171,14.112344741821289,14.821909205118816
14.3,14.681081,14.046406,14.843025,14.117547607421875,14.86111240386963
14.3,14.728356,13.940752,15.015139,14.123592313130697,14.90649274190267
14.3,14.773267,13.922345,15.018875,14.136278661092122,14.939573033650715
14.3,14.837875,14.119491,14.934281,14.147082392374674,14.979060808817545
14.3,14.885149,14.058247,15.02404,14.161107571919759,15.015162086486816
14.3,14.930061,14.230037,15.20373,14.183814938863119,15.070667394002278
14.3,15.003338,14.30813,15.066712,14.198045984903972,15.119680976867675
14.3,15.041157,14.329741,15.027963,14.219215520222981,15.134245936075846
14.3,15.089219,14.271554,15.224278,14.240254338582357,15.17472890218099
14.3,15.15698,14.341465,15.089561,14.268484433492025,15.221714782714844
14.3,15.195587,14.308031,15.163942,14.29826380411784,15.250741449991862
14.3,15.245225,14.333822,15.211576,14.315741030375163,15.31885223388672
14.3,15.316927,14.386182,15.635737,14.33960215250651,15.376825014750162
14.3,15.354746,14.31672,15.4561825,14.35099728902181,15.423087628682454
14.3,15.402808,14.375311,15.098645,14.358544158935548,15.47782497406006
14.3,15.46978,14.361988,15.45027,14.35690778096517,15.541224034627279
14.3,15.506813,14.364203,15.719927,14.35254357655843,15.593187141418458
14.3,15.559603,14.369036,15.454275,14.350338617960611,15.653480529785156
14.3,15.631302,14.381649,15.955943,14.344337972005208,15.713014348347981
14.3,15.6667595,14.416163,15.893632,14.33899097442627,15.766004816691082
14.3,15.717974,14.400964,15.897669,14.3290314356486,15.793896547953288
14.3,15.786521,14.421333,15.887773,14.323974418640137,15.836669476826986
14.3,15.819613,14.305195,15.978949,14.316838900248209,15.89794464111328
14.3,15.876344,14.206091,16.003725,14.307794380187989,15.936908340454101
14.3,15.935438,14.308391,15.993962,14.296686553955078,15.974900309244791
14.3,15.974833,14.218021,16.05695,14.2851624806722,16.033507919311525
14.3,16.03235,14.253617,16.006433,14.276006825764973,16.052435239156086
14.3,16.100111,14.236789,16.054113,14.261647288004557,16.077764383951823
14.3,16.131626,14.240865,16.097776,14.245147705078125,16.102113342285158
14.3,16.209631,14.268278,16.017773,14.232556215922038,16.12768383026123
14.3,16.253754,14.22632,16.034725,14.226251538594564,16.147753715515137
14.3,16.31521,14.197586,16.289806,14.227234522501627,16.167778968811035
14.3,16.36485,14.196175,16.33339,14.224370129903157,16.18955841064453
14.3,16.412123,14.244314,16.239853,14.23107312520345,16.210009638468424
14.3,16.484612,14.20077,16.27357,14.241079139709473,16.252827835083007
14.3,16.524008,14.15347,16.262903,14.252413368225097,16.297778828938803
14.3,16.568918,14.232461,16.27133,14.264013036092122,16.337360254923503
14.3,16.637466,14.210625,16.279997,14.265580622355143,16.356201934814454
14.3,16.675285,14.220836,16.304104,14.279458999633789,16.40255266825358
14.3,16.725712,14.265425,16.320654,14.295790672302246,16.428070958455404
14.3,16.789534,14.318566,16.363718,14.311919085184734,16.45171178181966
14.3,16.832869,14.4037075,16.648706,14.323797162373861,16.501145553588866
14.3,16.88487,14.406802,16.728378,14.33886686960856,16.53941027323405
14.3,16.952631,14.41486,16.691498,14.358332697550455,16.575797653198244
14.3,16.99439,14.291792,16.300398,14.37249501546224,16.604237492879232
14.3,17.041666,14.434496,16.729986,14.388908195495606,16.63350830078125
14.3,17.10391,14.442561,16.67258,14.403921318054199,16.666244888305663
14.3,17.143307,14.438101,16.688002,14.415809885660808,16.707696406046548
14.3,17.200035,14.422485,16.98136,14.426787694295248,16.761273193359376
14.3,17.231552,14.426816,16.84754,14.432013765970867,16.794824345906576
14.3,17.301676,14.445457,16.808714,14.438322321573894,16.82154591878255
14.3,17.35683,14.444896,16.697927,14.44246203104655,16.867432403564454
14.3,17.418287,14.456822,16.719059,14.452435493469238,16.915233484903972
14.3,17.456894,14.446033,16.795153,14.457869148254394,16.94286231994629
14.3,17.512836,14.443753,16.942427,14.461189079284669,16.982158788045247
14.3,17.574293,14.483233,17.16737,14.464954694112143,17.005280685424804
14.3,17.610538,14.482099,17.151974,14.466396268208822,17.01107749938965
14.3,17.674358,14.5014305,17.129202,14.471172841389974,17.029249064127605
14.3,17.731089,14.476955,17.379795,14.476307360331218,17.04753328959147
14.3,17.766544,14.441394,17.017414,14.4772185643514,17.090944798787437
14.3,17.846123,14.516001,17.144419,14.47722339630127,17.141683451334636
14.3,17.883944,14.49236,17.262028,14.479289436340332,17.18296496073405
14.3,17.927279,14.494585,17.03483,14.477291806538899,17.232354227701823
14.3,17.992674,14.444109,17.068312,14.473839569091798,17.270603942871094
14.3,18.040737,14.498465,17.120113,14.466220664978028,17.32484385172526
14.3,18.081709,14.522475,17.082977,14.464461517333984,17.352705001831055
14.3,18.144741,14.458564,17.3491,14.460062535603841,17.378817494710287
14.3,18.196745,14.456895,17.480139,14.457001368204752,17.438757832845052
14.3,18.238503,14.477023,17.414375,14.44865608215332,17.49621213277181
14.3,18.301537,14.413789,17.683266,14.441052182515461,17.54756876627604
14.3,18.355902,14.43145,17.741116,14.434113947550456,17.624138895670573
14.3,18.396873,14.367815,17.965572,14.431003061930339,17.69909324645996
14.3,18.474089,14.475043,17.54712,14.426027043660481,17.780602137247723
14.3,18.507969,14.410971,17.771482,14.417448425292969,17.854335276285806
14.3,18.556032,14.395476,17.91652,14.417355092366536,17.93121248881022
14.3,18.627731,14.390821,18.006233,14.415555826822917,17.988907623291016
14.3,18.663187,14.378302,18.032377,14.40659859975179,18.10489362080892
14.3,18.717554,14.3905115,18.183382,14.4041197458903,18.197836049397786
14.3,18.780586,14.397446,18.192627,14.398723793029784,18.298510360717774
14.3,18.819195,14.423824,18.342747,14.39383373260498,18.39762077331543
14.3,18.868834,14.393796,18.188974,14.384340222676595,18.506057103474934
14.3,18.939745,14.457164,18.502258,14.376605478922526,18.622694142659505
14.3,18.977564,14.429906,18.345566,14.369125048319498,18.73303680419922
14.3,19.03587,14.342665,19.154165,14.362270800272624,18.834432093302407
14.3,19.091024,14.376606,19.077402,14.357375653584798,18.935483423868813
14.3,19.129631,14.350511,19.25123,14.350153414408366,19.0315491994222
14.3,19.184786,14.294464,19.452229,14.341937828063966,19.126201883951822
14.3,19.248606,14.332641,19.173664,14.334820810953776,19.20520388285319
14.3,19.296669,14.29495,19.521038,14.326558367411296,19.30554262797038
14.3,19.342367,14.28327,19.57166,14.313957341512044,19.380931599934897
14.3,19.405401,14.288008,19.527163,14.304365921020509,19.46432762145996
14.3,19.44716,14.304874,19.548147,14.300690460205079,19.496597544352213
14.3,19.499163,14.282178,19.624369,14.293599573771159,19.53418846130371
14.3,19.56377,14.274212,19.612417,14.293236287434896,19.54786059061686
14.3,19.598438,14.317069,19.527777,14.291863822937012,19.560111490885415
14.3,19.67723,14.269859,19.694056,14.287973658243816,19.591342163085937
14.3,19.720566,14.268148,19.633093,14.28892993927002,19.594686381022136
14.3,19.75287,14.286035,19.596506,14.293159294128419,19.592919667561848
14.3,19.834024,14.287533,19.638214,14.279851404825846,19.59646072387695
14.3,19.870268,14.270243,19.641266,14.285767682393391,19.604032389322917
14.3,19.910452,14.345061,19.456312,14.282469431559244,19.601629384358723
14.3,19.993183,14.273877,19.635992,14.296257781982423,19.6294371287028
14.3,20.034943,14.274288,19.642124,14.307322565714518,19.66393165588379
14.3,20.09955,14.309294,19.571201,14.321007601420085,19.690166473388672
14.3,20.142887,14.34671,19.545158,14.32399705251058,19.724031321207683
14.3,20.194101,14.088389,19.580278,14.335258356730144,19.751602172851562
14.3,20.255558,14.393619,19.661722,14.32435868581136,19.802716573079426
14.3,20.298105,14.232704,19.588324,14.339366722106934,19.863057454427082
14.3,20.350895,14.481037,20.029533,14.34127426147461,19.938294474283854
14.3,20.41314,14.483041,20.045195,14.354617182413737,20.001652908325195
14.3,20.454899,14.475135,20.087578,14.360033416748047,20.064070638020834
14.3,20.510054,14.31299,20.141066,14.372380447387695,20.134231948852538
14.3,20.572298,14.454954,20.010069,14.3830415725708,20.20486971537272
14.3,20.615633,14.124038,20.40493,14.408249028523763,20.274254735310873
14.3,20.665272,14.495363,20.54638,14.413252449035644,20.343899790445963
14.3,20.73697,14.373674,20.584867,14.427628008524577,20.418751017252603
14.3,20.7677,14.474021,20.586369,14.423307291666667,20.471138509114585
14.3,20.82837,14.355532,20.57839,14.416036732991536,20.53026835123698
14.3,20.892979,14.494499,20.623621,14.41138490041097,20.583794530232748
14.3,20.922918,14.506627,20.604725,14.413865025838216,20.643614959716796
14.3,20.985952,14.466501,20.621054,14.404147402445476,20.719906361897788
14.3,21.041105,14.46867,20.706398,14.41541182200114,20.79037348429362
14.3,21.078138,14.448338,20.711092,14.39903704325358,20.843434778849282
14.3,21.138807,14.416226,20.815346,14.389147758483887,20.902273813883465
14.3,21.197113,14.373982,20.932142,14.37058556874593,20.979464467366537
14.3,21.23572,14.405357,20.89047,14.359072303771972,21.052336247762046
14.3,21.2956,14.350192,21.038372,14.333622042338053,21.14099006652832
14.3,21.357058,14.30919,21.15444,14.304527028401692,21.232968012491863
14.3,21.39409,14.293004,21.461937,14.279938697814941,21.32128168741862
14.3,21.453184,14.249742,21.342299,14.24963976542155,21.41580441792806
14.3,21.50755,14.225335,21.467453,14.22051378885905,21.510336685180665
14.3,21.548521,14.195588,21.744228,14.19111582438151,21.601698430379233
14.3,21.610765,14.182833,21.671467,14.166211064656576,21.685078684488932
14.3,21.669071,14.112745,21.953428,14.134395535786947,21.780932490030924
14.3,21.706104,14.070202,21.984394,14.107961146036784,21.865337498982747
14.3,21.7715,14.097676,21.945759,14.082799021402995,21.94456303914388
14.3,21.819563,14.014186,22.124239,14.057110850016276,22.00779584248861
14.3,21.862898,14.011448,22.129076,14.034799448649089,22.0770383199056
14.3,21.936174,13.975257,22.185772,14.012540753682455,22.14104283650716
14.3,21.977144,14.000411,22.182846,13.992749404907226,22.18517926534017
14.3,22.021269,13.928124,22.328278,13.972894350687662,22.237548319498696
14.3,22.092968,13.953676,22.304447,13.957841364542643,22.2671204884847
14.3,22.13,13.931758,22.342823,13.944962437947591,22.299876658121743
14.3,22.13,13.907681,22.410429,13.930857467651368,22.331983947753905
14.273381,22.13,13.915071,22.380936,13.92131265004476,22.352440516153973
14.211477,22.13,13.891455,22.42752,13.91159756978353,22.372539011637368
14.17681,22.13,13.898718,22.406275,13.904671669006348,22.38872782389323
14.127287,22.13,13.885007,22.457003,13.890734990437826,22.406150817871094
14.090764,22.13,13.8869505,22.39701,13.88271821339925,22.411510721842447
14.052383,22.13,13.877018,22.475737,13.873784828186036,22.418902587890624
14.002859,22.13,13.886102,22.427368,13.863674799601236,22.426471837361653
13.965717,22.13,13.871014,22.431087,13.852931022644043,22.430565897623698
13.929193,22.13,13.865722,22.430553,13.844408289591472,22.43564656575521
13.877813,22.13,13.871368,22.428604,13.835799026489259,22.43883171081543
13.845004,22.13,13.791361,22.444191,13.82072156270345,22.441047159830728
13.796719,22.13,13.807873,22.408676,13.808948071797689,22.443134307861328
13.755243,22.13,13.819675,22.415325,13.797144889831543,22.445014572143556
13.723671,22.13,13.7801075,22.456362,13.781675910949707,22.445751953125
13.680339,22.13,13.746525,22.47184,13.765257136027019,22.44817835489909
13.6308155,22.13,13.78723,22.457146,13.751654243469238,22.449718221028647
13.599863,22.13,13.762316,22.475298,13.727509625752766,22.440513610839844
13.555911,22.13,13.672556,22.439507,13.700604756673178,22.43795000712077
13.531768,22.13,13.708405,22.48831,13.686350059509277,22.43386306762695
13.476672,22.13,13.709903,22.425215,13.654050381978353,22.418694941202798
13.43396,22.13,13.644983,22.486797,13.611982027689615,22.40216496785482
13.385674,22.13,13.63982,22.463764,13.595419057210286,22.394334030151366
13.355341,22.13,13.66697,22.454185,13.547252655029297,22.373117701212564
13.309531,22.13,13.503552,22.292484,13.502871068318685,22.35183270772298
13.254437,22.13,13.467795,22.39015,13.456557210286459,22.33457857767741
13.225962,22.13,13.57754,22.382887,13.377097956339519,22.309148406982423
13.185104,22.13,13.323378,22.181154,13.28321844736735,22.297568639119465
13.1318655,22.13,13.18865,22.167376,13.184052975972493,22.29260648091634
13.110818,22.13,13.531663,22.338898,13.094258753458659,22.280508041381836
13.057582,22.13,13.024029,22.153595,12.97724863688151,22.2723570505778
13.017962,22.13,13.121506,22.13787,12.875853602091471,22.271894200642905
12.982677,22.13,13.067608,22.216486,12.760787963867188,22.270067596435545
12.9381075,22.13,12.480667,22.058054,12.65353806813558,22.2659481048584
12.896011,22.13,12.300212,22.314613,12.538970184326171,22.263240559895834
12.851439,22.13,12.222421,22.350782,12.428748003641765,22.26612243652344
12.814298,22.13,12.29807,22.30532,12.326381746927897,22.271612803141277
12.77406,22.13,11.884668,22.3415,12.197347577412923,22.264188639322917
12.740013,22.13,12.146045,22.447243,12.098482577006022,22.26813570658366
12.681822,22.13,11.777568,22.265085,11.99640146891276,22.271813583374023
12.647776,22.13,11.859047,22.328358,11.89766362508138,22.270902379353842
12.616204,22.13,11.859022,22.342274,11.83083273569743,22.278907140096027
12.565442,22.13,11.670045,22.224382,11.780732663472493,22.27066027323405
12.527062,22.13,11.653156,22.249731,11.731699562072754,22.260363642374674
12.493015,22.13,11.59615,22.227535,11.677016258239746,22.253070576985678
12.435444,22.13,11.541054,22.212801,11.648471768697103,22.242514165242515
12.405729,22.13,11.590289,22.193039,11.602255058288574,22.225701777140298
12.367969,22.13,11.58654,22.202818,11.580954996744792,22.222556177775065
12.306064,22.13,11.478204,22.178125,11.551552200317383,22.211235936482748
12.278208,22.13,11.548711,22.19091,11.525912348429362,22.198950831095377
12.24416,22.13,11.486924,22.196333,11.509205881754557,22.19885800679525
12.192161,22.13,11.47782,22.195925,11.49600715637207,22.193994522094727
12.162446,22.13,11.456501,22.183153,11.48065217336019,22.189671834309895
12.12159,22.13,11.452794,22.195057,11.473704783121745,22.189194869995116
12.070209,22.13,11.458067,22.217901,11.459809939066568,22.189601771036784
12.039257,22.13,11.418005,22.158554,11.449057706197102,22.18919792175293
11.996542,22.13,11.474424,22.157997,11.446630477905273,22.189097213745118
11.94702,22.13,11.419448,22.22299,11.436530876159669,22.190827051798504
11.911114,22.13,11.455175,22.176779,11.429517936706542,22.19027760823568
11.873352,22.13,11.365826,22.162695,11.426839065551757,22.18921661376953
11.82383,22.13,11.436843,22.205647,11.42281405131022,22.19169438680013
11.792878,22.13,11.381866,22.199142,11.416933759053547,22.19091517130534
11.738403,22.13,11.425257,22.19676,11.414546902974447,22.190963236490884
11.699402,22.13,11.441795,22.176615,11.41129773457845,22.1955685933431
11.670926,22.13,11.397217,22.216858,11.408937772115072,22.19902114868164
11.625116,22.13,11.38173,22.188091,11.40820058186849,22.19505386352539
11.580546,22.13,11.437637,22.18001,11.40716520945231,22.198991775512695
11.549593,22.13,11.396126,22.22032,11.406742286682128,22.203622817993164
11.487071,22.13,11.36459,22.183369,11.40432955423991,22.20301882425944
11.457356,22.13,11.422264,22.218622,11.407709376017253,22.20381406148275
11.426405,22.13,11.369267,22.227634,11.405797576904297,22.20776799519857
11.361406,22.13,11.439025,22.209785,11.401990636189778,22.21025365193685
11.3341675,22.13,11.40839,22.16348,11.402262242635091,22.211194229125976
11.278454,22.13,11.439645,22.235847,11.402948824564616,22.215954462687176
11.243787,22.13,11.359482,22.23216,11.40149180094401,22.21917470296224
11.197978,22.13,11.400652,22.196587,11.400638389587403,22.218982315063478
11.155264,22.13,11.432564,22.211071,11.407190958658854,22.223251597086588
11.120597,22.13,11.39658,22.25607,11.406810315450032,22.223761367797852
11.076646,22.13,11.384691,22.2139,11.408181381225585,22.2239070892334
11.030217,22.13,11.401291,22.230967,11.408025042215984,22.22696304321289
10.998646,22.13,11.392029,22.259495,11.406753158569336,22.233352915445963
10.955314,22.13,11.415782,22.228313,11.40422280629476,22.23068733215332
10.907647,22.13,11.383325,22.217434,11.409820620218913,22.231525675455728
10.876695,22.13,11.462878,22.247408,11.408998743693035,22.236512247721354
10.832743,22.13,11.416554,22.226269,11.409124692281088,22.235891087849936
10.783838,22.13,11.389833,22.22982,11.409719212849934,22.232158788045247
10.753506,22.13,11.43668,22.255625,11.413112767537434,22.234546788533528
10.709554,22.13,11.389312,22.259329,11.410936228434245,22.23381996154785
10.64703,22.13,11.40169,22.195864,11.411550013224284,22.23056157430013
10.630935,22.13,11.443449,22.244736,11.41331017812093,22.231163024902344
10.585745,22.13,11.388324,22.271385,11.411633936564128,22.23222974141439
10.539317,22.13,11.434453,22.201754,11.408376312255859,22.224607213338217
10.508365,22.13,11.405498,22.200085,11.407908121744791,22.22243054707845
10.460079,22.13,11.435595,22.24972,11.40962708791097,22.21977564493815
10.409318,22.13,11.368643,22.220064,11.412188212076822,22.210956064860024
10.376509,22.13,11.401236,22.210619,11.41715399424235,22.198076883951824
10.33627,22.13,11.442184,22.237335,11.420568784077963,22.196376419067384
10.295414,22.13,11.358181,22.233435,11.418150838216146,22.18504066467285
10.263843,22.13,11.414014,22.13307,11.422562090555827,22.17241643269857
10.210605,22.13,11.409532,22.193619,11.422337023417155,22.167561976114907
10.171605,22.13,11.415618,22.189997,11.42638111114502,22.156156285603842
10.132606,22.13,11.475097,22.123331,11.432601483662923,22.137103271484374
10.0892725,22.13,11.4637985,22.066141,11.443308703104655,22.126054509480795
10.049654,22.13,11.452911,22.170357,11.445700454711915,22.11359405517578
10.016226,22.13,11.40718,22.0747,11.452098719278972,22.09826749165853
9.966702,22.13,11.454493,22.082022,11.468285306294758,22.082745869954426
9.927084,22.13,11.431077,22.128937,11.47456334431966,22.073345438639322
9.892417,22.13,11.466159,22.029,11.484073829650878,22.05964749654134
9.828656,22.13,11.5289,21.963924,11.494776471455891,22.049163818359375
9.801418,22.13,11.529251,22.054333,11.506949551900227,22.035349655151368
9.768609,22.13,11.437112,22.023712,11.513624699910482,22.032820002237955
9.711657,22.13,11.538158,22.007437,11.538588905334473,22.01549390157064
9.682562,22.13,11.60098,22.00061,11.581946182250977,22.004119237263996
9.6448,22.13,11.508184,21.992064,11.601132901509603,21.991366831461587
9.588468,22.13,11.552189,21.98815,11.645377159118652,21.975587844848633
9.560611,22.13,11.576158,22.032742,11.695276641845703,21.96644337972005
9.520991,22.13,11.657693,21.916119,11.73191432952881,21.95620371500651
9.467754,22.13,11.563926,22.028196,11.781815973917643,21.946743774414063
9.437421,22.13,11.827374,21.910465,11.865349515279133,21.944250869750977
9.392231,22.13,12.057539,21.90408,11.924413744608561,21.938173039754233
9.347041,22.13,11.742293,21.890736,11.990637652079265,21.936672592163085
9.316089,22.13,12.094741,21.892252,12.085261090596516,21.930695215861004
9.268422,22.13,12.214651,21.891832,12.167465082804362,21.922075017293295
9.221375,22.13,12.078465,21.81033,12.246282641092936,21.912543869018556
9.19228,22.13,12.277776,21.912434,12.333265749613444,21.91126937866211
9.14709,22.13,12.690115,21.986319,12.427491188049316,21.901373418172202
9.098186,22.13,12.424122,21.91627,12.511324691772462,21.88364372253418
9.067853,22.13,12.594338,21.978104,12.580453364054362,21.88010393778483
9.025758,22.13,12.927536,21.902403,12.684855842590332,21.85790583292643
8.973758,22.13,12.785249,21.858847,12.7679962793986,21.82434628804525
8.947759,22.13,12.758421,21.889774,12.843375523885092,21.796768061319987
8.90133,22.13,12.96244,21.897001,12.936863009134928,21.76804084777832
8.851807,22.13,12.977307,21.879757,13.030201784769694,21.70548413594564
8.8264265,22.13,13.084877,21.64452,13.054493699754987,21.685424532209122
8.761427,22.13,13.094469,21.850983,13.102983841529259,21.66766724219689
8.729237,22.13,13.308331,21.557764,13.145370960235596,21.64179754257202
8.7038555,22.13,13.341847,21.388859,13.16517413746227,21.618106148459695
8.635761,22.13,13.34534,21.478159,13.203166675567626,21.594032096862794
8.60419,22.13,13.480778,21.379421,13.252582867940268,21.561171849568684
8.577571,22.13,13.677857,20.974083,13.288850784301758,21.519193172454834
