Predicted_X,Predicted_Y,True_X,True_Y
0.30463853,1.6760254,0.22296983,1.6682404
0.29161116,1.6658628,0.20676368,1.6669128
0.25689194,1.6388171,0.19044241,1.6657975
0.28902677,1.6337154,0.17848961,1.664498
0.35730526,1.6335247,0.16442281,1.6632129
0.29831854,1.6785202,0.15247634,1.6619059
0.2825981,1.6349142,0.142571,1.6607264
0.28121892,1.6091583,0.13060446,1.6597002
0.278006,1.6697271,0.11882732,1.658626
0.3123497,1.6061509,0.108874455,1.6576923
0.10889086,1.6645434,0.0930985,1.6560421
0.12204185,1.6105244,0.08120307,1.6549315
0.21054843,1.5494189,0.067393616,1.6536814
0.14088848,1.5999506,0.059452653,1.6528519
0.0876582,1.6078401,0.04347955,1.6511484
0.0690752,1.6408012,0.033661164,1.6502651
0.12551335,1.6333725,0.029780278,1.6497501
-0.020813107,1.490319,0.011818154,1.6477865
0.1143429,1.5888424,-0.00012197883,1.6465178
-0.0011101365,1.6016717,-0.010155112,1.6452502
-0.027652591,1.5880647,-0.022116719,1.6438527
-0.062120855,1.5654469,-0.03404805,1.6425474
-0.05900836,1.5645232,-0.04607584,1.6409748
-0.15596664,1.4850409,-0.058152564,1.6394514
-0.05088404,1.6034164,-0.07042854,1.6378945
-0.04955125,1.5957685,-0.08260524,1.6363485
-0.09661576,1.5710659,-0.0885857,1.635471
-0.04282093,1.5326586,-0.09666677,1.6343918
-0.07081357,1.5647943,-0.120592095,1.6312234
-0.10855511,1.5923204,-0.14063266,1.628976
-0.11225477,1.5683179,-0.16448265,1.6260548
-0.13737294,1.544811,-0.1823381,1.6237665
-0.14231175,1.5513525,-0.19425201,1.6224232
-0.14600581,1.543237,-0.20618087,1.6208942
-0.18706527,1.5436146,-0.21817328,1.6196177
-0.18503031,1.5101259,-0.23017995,1.6179106
-0.18794355,1.5007832,-0.24443986,1.6163905
-0.19594166,1.5182028,-0.25662643,1.6148912
-0.21197557,1.5161843,-0.2729591,1.6125228
-0.23404756,1.5195334,-0.28303134,1.6111077
-0.25943202,1.559243,-0.28913587,1.6102061
-0.3035463,1.5588462,-0.31543764,1.6062917
-0.31025708,1.5713558,-0.3312027,1.6037805
-0.33262557,1.5850236,-0.34882018,1.6010582
-0.36345255,1.5892584,-0.3643321,1.5985619
-0.41291562,1.588433,-0.37995386,1.5963411
-0.45411566,1.591003,-0.39382175,1.5947441
-0.45718095,1.5805271,-0.41366783,1.5919682
-0.45441455,1.5545878,-0.42946225,1.5895171
-0.50186974,1.5351305,-0.44892144,1.5865382
-0.4922318,1.5359867,-0.4628865,1.5845685
-0.4968185,1.5192606,-0.4748305,1.582608
-0.50214434,1.5143158,-0.48898867,1.5805504
-0.4920045,1.5209303,-0.4991218,1.5787438
-0.5176005,1.5043659,-0.51136976,1.576734
-0.5295407,1.5233049,-0.5235192,1.5746689
-0.6114418,1.511682,-0.5356982,1.5727215
-0.5815431,1.5222037,-0.55179924,1.5700804
-0.6137229,1.518053,-0.5617998,1.5684949
-0.65327716,1.4974396,-0.57382476,1.566528
-0.62232953,1.4965172,-0.5857236,1.5645425
-0.60725176,1.5105739,-0.59763676,1.5625868
-0.6479515,1.4947741,-0.6074682,1.561025
-0.6440884,1.4931424,-0.61918104,1.5591944
-0.614869,1.4965703,-0.62906563,1.5575898
-0.6334711,1.4916897,-0.63891536,1.5559781
-0.6702804,1.494643,-0.65072346,1.5539532
-0.7131198,1.4837947,-0.6624718,1.5520698
-0.7234551,1.4936705,-0.6722796,1.5504768
-0.7879602,1.4593225,-0.6842248,1.548536
-0.8008101,1.4400306,-0.6942412,1.546814
-0.80024505,1.4387686,-0.7042439,1.5451233
-0.73347974,1.4772079,-0.71828747,1.5426744
-0.7800238,1.4519751,-0.7324268,1.5400262
-0.80223787,1.4356678,-0.74437505,1.5376633
-0.79945266,1.4427168,-0.75430626,1.5358489
-0.8050439,1.4416473,-0.768235,1.5332932
-0.8343147,1.4272184,-0.78277534,1.5311973
-0.8387643,1.4221423,-0.80014217,1.5281543
-0.87553287,1.3960359,-0.8035675,1.5275037
-0.8787737,1.3917081,-0.8231888,1.5217575
-0.8883256,1.3898215,-0.8359821,1.5169518
-0.8903512,1.3872404,-0.8501098,1.5106118
-0.90755206,1.3766367,-0.8609699,1.5051522
-0.87946033,1.3895502,-0.87038183,1.4998782
-0.8555255,1.4036331,-0.8779783,1.4953233
-0.8716748,1.380135,-0.8887236,1.4883344
-0.88868093,1.3742211,-0.89772195,1.4820471
-0.8880063,1.3686986,-0.9064846,1.4754777
-0.88742685,1.3652048,-0.91529703,1.4686744
-0.89802504,1.3435116,-0.92439884,1.4609002
-0.8925166,1.3478596,-0.934502,1.4511753
-0.9146003,1.3390298,-0.9547138,1.4319488
-0.9560313,1.3175979,-0.975631,1.4123138
-0.96661055,1.3069062,-0.9909989,1.3981647
-1.0107335,1.2530785,-1.0023677,1.3874466
-1.000399,1.2580047,-1.0170655,1.373701
-1.0017058,1.2617588,-1.0295762,1.3621908
-1.0276972,1.2293186,-1.0399377,1.3523111
-0.9973066,1.2563741,-1.0552312,1.3374984
-1.0470823,1.1983855,-1.070436,1.3227857
-1.0423261,1.2059135,-1.0789634,1.3145752
-1.0699735,1.1616185,-1.0906211,1.3027952
-1.0851327,1.1362987,-1.0992453,1.2943803
-1.1019838,1.1054354,-1.1113129,1.2826843
-1.10615,1.0997324,-1.1227169,1.2714508
-1.1186488,1.0785432,-1.1320266,1.2623782
-1.1105512,1.0937707,-1.1380042,1.2564229
-1.1333072,1.0521963,-1.1478903,1.2460343
-1.1226257,1.069977,-1.1547004,1.238302
-1.1268694,1.0621395,-1.1634692,1.227647
-1.1435608,1.0335035,-1.1730657,1.2145607
-1.14819,1.0236754,-1.1801857,1.2044029
-1.140885,1.0383606,-1.1858606,1.1957803
-1.1558576,1.0105033,-1.192459,1.1853486
-1.1571612,1.0064003,-1.1989498,1.1742481
-1.1647714,0.9908895,-1.2052438,1.1627063
-1.1648163,0.9913284,-1.2102228,1.1532193
-1.1699768,0.9805508,-1.2159991,1.1417311
-1.1784644,0.9657436,-1.2205809,1.1320353
-1.181728,0.95855063,-1.2252902,1.1220682
-1.1898386,0.94329363,-1.2304082,1.1100326
-1.1877426,0.9450286,-1.2354761,1.0976462
-1.1871781,0.9483487,-1.2393901,1.0870607
-1.1930118,0.93562585,-1.2438469,1.0743574
-1.1894739,0.94345397,-1.2478906,1.0615258
-1.1939883,0.93343073,-1.2517912,1.0484816
-1.2002566,0.9215843,-1.2554679,1.0353359
-1.1965498,0.9276814,-1.2608513,1.0151184
-1.2046853,0.90991193,-1.2659959,0.9925885
-1.2030809,0.91535133,-1.2688166,0.9767093
-1.2107694,0.8977509,-1.2722433,0.9581557
-1.2135583,0.88771874,-1.2742931,0.94425154
-1.2190926,0.87352306,-1.2762812,0.9277974
-1.2176312,0.8780162,-1.277792,0.9111621
-1.2221619,0.86719745,-1.278803,0.8957146
-1.2318856,0.83815676,-1.2797939,0.8779723
-1.2400066,0.81679267,-1.2804277,0.8621527
-1.2464364,0.8013862,-1.2813251,0.83977467
-1.2514454,0.7802723,-1.2819974,0.81973374
-1.2582601,0.762533,-1.2827938,0.79672396
-1.2589463,0.7584104,-1.2845352,0.76990664
-1.269365,0.72689325,-1.2854749,0.7440782
-1.2757083,0.70657545,-1.2865512,0.72246265
-1.2809604,0.689363,-1.2869829,0.7162669
-1.2812018,0.67600495,-1.2890749,0.66805327
-1.2830842,0.68266433,-1.2897798,0.6503423
-1.2869532,0.655737,-1.2904154,0.6272934
-1.2823268,0.6789245,-1.2915608,0.6061913
-1.2891364,0.6461305,-1.2920702,0.58807194
-1.2869179,0.65822065,-1.2922175,0.57070136
-1.2986064,0.61260796,-1.2928748,0.55333614
-1.3061111,0.5623902,-1.2932494,0.5329912
-1.3074335,0.54720503,-1.2934216,0.51836723
-1.309609,0.5387294,-1.2938275,0.49540636
-1.3134024,0.5107109,-1.2940462,0.47559974
-1.3208827,0.49477583,-1.2944003,0.45835483
-1.319756,0.4718204,-1.2944227,0.4363447
-1.3233521,0.4379837,-1.2943863,0.41461748
-1.3224187,0.4364801,-1.2946482,0.3986078
-1.3239495,0.41853076,-1.2951981,0.3824172
-1.324737,0.38020134,-1.2960429,0.36933812
-1.3276622,0.34104145,-1.2972395,0.35391867
-1.3260015,0.33643472,-1.2985091,0.34111258
-1.3296664,0.32015753,-1.3002539,0.32808185
-1.3295146,0.3036384,-1.3025522,0.31221563
-1.3322768,0.2907592,-1.3029878,0.30710515
-1.3412853,0.253606,-1.3042964,0.29919302
-1.3389349,0.22736076,-1.3106955,0.265409
-1.3472087,0.17423677,-1.3134637,0.24996969
-1.33938,0.1770941,-1.3171208,0.23155065
-1.343029,0.17001611,-1.3208922,0.21572617
-1.340487,0.15134251,-1.3231642,0.20240209
-1.3446432,0.14109948,-1.329191,0.17383435
-1.3527609,0.109280854,-1.3342448,0.14864299
-1.3482007,0.08267933,-1.3373147,0.13019814
-1.3513055,0.083538026,-1.3410461,0.11207626
-1.3508446,0.11584169,-1.3461252,0.088295005
-1.3468218,0.08065894,-1.3518662,0.060080405
-1.3385632,0.079308,-1.3542681,0.048848655
-1.3514255,0.069999516,-1.360543,0.018573783
-1.3553464,0.05444005,-1.3640565,0.0023604184
-1.3405792,-0.04001406,-1.3685443,-0.01949134
-1.3438579,-0.0007520616,-1.3721906,-0.036212903
-1.3471106,-0.02075316,-1.3755821,-0.05271859
-1.3369359,-0.03581299,-1.3791837,-0.069186375
-1.3472648,-0.043479025,-1.3825263,-0.085795105
-1.3485202,-0.024280906,-1.3858047,-0.10276612
-1.3454585,-0.071870536,-1.3896717,-0.12240394
-1.3460144,-0.06845005,-1.3932402,-0.13924547
-1.3472834,-0.0828435,-1.3965232,-0.15586883
-1.3480248,-0.11557404,-1.4025847,-0.18620895
-1.3537697,-0.12266673,-1.4067787,-0.2062677
-1.354254,-0.1492556,-1.4097366,-0.22070485
-1.354628,-0.15017241,-1.4138246,-0.24460378
-1.3569789,-0.16200522,-1.4173867,-0.26807413
-1.3530995,-0.15378132,-1.4184859,-0.28171343
-1.3565869,-0.19591145,-1.4198285,-0.30547598
-1.3597963,-0.20486154,-1.4206494,-0.32966596
-1.3619618,-0.21180652,-1.4212271,-0.35133734
-1.3614583,-0.2501963,-1.4213428,-0.37319
-1.3597765,-0.26396516,-1.4214337,-0.39641726
-1.3636737,-0.31755203,-1.4216807,-0.4163277
-1.3598937,-0.353389,-1.4218742,-0.4359838
-1.3606293,-0.4010002,-1.4221809,-0.4561615
-1.3635767,-0.4470741,-1.4225298,-0.4786633
-1.3664002,-0.44157895,-1.422866,-0.5003301
-1.3668368,-0.47172892,-1.4231045,-0.5245964
-1.3638884,-0.48509842,-1.4234204,-0.5427531
-1.3666718,-0.50420725,-1.423656,-0.55759555
-1.3679663,-0.49597734,-1.4237983,-0.57530135
-1.3694339,-0.49350077,-1.4238816,-0.5900154
-1.3724412,-0.5122124,-1.4238447,-0.60754806
-1.3758587,-0.5187131,-1.4241022,-0.62225735
-1.3740214,-0.5325932,-1.4242092,-0.6398302
-1.3731271,-0.5424886,-1.4241997,-0.6543013
-1.3726567,-0.56633985,-1.4240035,-0.671652
-1.3715775,-0.5580084,-1.4239649,-0.68591607
-1.3729082,-0.56663704,-1.4238052,-0.7035657
-1.3730118,-0.57394123,-1.4236002,-0.7179774
-1.3714643,-0.577193,-1.423368,-0.732288
-1.3751729,-0.5883843,-1.423045,-0.74935293
-1.3803045,-0.6059083,-1.4227968,-0.76372737
-1.3890579,-0.6344657,-1.4223557,-0.7838743
-1.3856018,-0.618629,-1.4219272,-0.8040686
-1.4066232,-0.6910818,-1.4213973,-0.8272044
-1.4102596,-0.69337505,-1.4207995,-0.86193067
-1.415143,-0.72418994,-1.4203087,-0.8849556
-1.4118818,-0.7217326,-1.4197948,-0.91367555
-1.4310005,-0.7913116,-1.4192878,-0.9337684
-1.4263967,-0.8027337,-1.4186413,-0.9596278
-1.4401746,-0.8533455,-1.4180702,-0.99121886
-1.4395888,-0.90203255,-1.4175509,-1.0142535
-1.4329346,-0.9189256,-1.4167243,-1.0375065
-1.4318134,-0.9336164,-1.4162213,-1.0549881
-1.4341087,-1.009508,-1.41576,-1.0723369
-1.425507,-0.9901895,-1.4153054,-1.0897053
-1.4297874,-1.0618227,-1.4145182,-1.107341
-1.4235978,-1.0597541,-1.4139756,-1.1218345
-1.3953835,-1.0664573,-1.4131671,-1.1478595
-1.4151226,-1.1302743,-1.4126434,-1.1623881
-1.3957173,-1.156414,-1.4123232,-1.1868979
-1.4001796,-1.1558433,-1.4120104,-1.1970873
-1.3886318,-1.1878538,-1.4108298,-1.2266154
-1.3882284,-1.187855,-1.4088956,-1.2478676
-1.382511,-1.1893587,-1.4065967,-1.2664399
-1.3855319,-1.1849537,-1.4058572,-1.2711842
-1.3711926,-1.2029734,-1.4013828,-1.2967035
-1.3795561,-1.1906447,-1.3983102,-1.3127948
-1.358322,-1.2273321,-1.3947246,-1.3287069
-1.353726,-1.238946,-1.3913244,-1.3421658
-1.3512398,-1.2395663,-1.3877603,-1.3554517
-1.3577032,-1.2357886,-1.3838637,-1.3688188
-1.343422,-1.253624,-1.3797218,-1.3820014
-1.3335384,-1.2683489,-1.3754832,-1.3947973
-1.3297179,-1.2687302,-1.3704654,-1.4072922
-1.3362482,-1.2604036,-1.3661909,-1.417903
-1.3164996,-1.2907495,-1.3614217,-1.4302237
-1.3213507,-1.2854474,-1.3562379,-1.4421684
-1.3093957,-1.3019569,-1.3486248,-1.4576747
-1.3127294,-1.2969444,-1.3427169,-1.4691163
-1.298832,-1.3126819,-1.3365948,-1.4805194
-1.3113024,-1.2988479,-1.330693,-1.4916599
-1.2955455,-1.3159735,-1.3254601,-1.5006652
-1.2851362,-1.3270388,-1.3186961,-1.5112448
-1.2846164,-1.3261769,-1.3130232,-1.5198089
-1.2866857,-1.3222795,-1.3059367,-1.5295756
-1.2812647,-1.3284242,-1.2998911,-1.5378786
-1.2674509,-1.3428288,-1.2925833,-1.547532
-1.263983,-1.3458729,-1.2849563,-1.556706
-1.2589661,-1.3494382,-1.2785195,-1.5641791
-1.2514889,-1.3578498,-1.2705815,-1.5729965
-1.2514172,-1.3578649,-1.2623866,-1.5813677
-1.2467049,-1.3635929,-1.2541249,-1.5894605
-1.2477663,-1.3598952,-1.2445154,-1.5982695
-1.2341104,-1.3723395,-1.2315367,-1.6093105
-1.2239445,-1.3806138,-1.2155617,-1.6213242
-1.2218229,-1.381671,-1.2034893,-1.6292826
-1.2088609,-1.3919353,-1.1929914,-1.635807
-1.2118132,-1.3938563,-1.183732,-1.6411242
-1.2147211,-1.3905396,-1.1742601,-1.645971
-1.2109529,-1.3931477,-1.1601225,-1.6523974
-1.2014,-1.3995936,-1.1488863,-1.6567557
-1.1952626,-1.4017308,-1.1391151,-1.6601228
-1.1728001,-1.406987,-1.1295128,-1.6632278
-1.1699364,-1.405514,-1.1179668,-1.6659642
-1.1596283,-1.4108,-1.107973,-1.6678883
-1.1640471,-1.412251,-1.1013601,-1.6690941
-1.1515203,-1.4224482,-1.0881617,-1.6706015
-1.1474594,-1.4257431,-1.0793684,-1.6711737
-1.1229308,-1.4373965,-1.0629215,-1.6716292
-1.097541,-1.4461374,-1.0455623,-1.6720321
-1.08562,-1.4505758,-1.0274924,-1.6723636
-1.0799079,-1.4518304,-1.0116726,-1.6724961
-1.0954158,-1.4493482,-0.9889446,-1.6731378
-1.0885857,-1.4560523,-0.96920764,-1.673904
-1.0615226,-1.4598508,-0.95419794,-1.6744072
-1.0470564,-1.4585869,-0.94167656,-1.6745003
-1.0235112,-1.4600477,-0.92938685,-1.6747326
-1.0142816,-1.4644988,-0.9273452,-1.6747707
-1.0195999,-1.4609268,-0.9046193,-1.674705
-1.0109224,-1.4674072,-0.8922034,-1.6746745
-0.9702318,-1.4821382,-0.87981313,-1.6747392
-0.9530289,-1.4845033,-0.86543006,-1.6744946
-0.95248306,-1.4802339,-0.85098654,-1.674251
-0.9272888,-1.4879057,-0.8384135,-1.6741582
-0.9297514,-1.484333,-0.8261401,-1.6738795
-0.93088055,-1.4710772,-0.8161239,-1.673719
-0.89868784,-1.4796352,-0.8062201,-1.6734426
-0.90542144,-1.4651606,-0.7944124,-1.6730028
-0.8830186,-1.4651544,-0.7843979,-1.6727046
-0.8723295,-1.4584727,-0.7725125,-1.672495
-0.8588743,-1.4582801,-0.7626408,-1.6721585
-0.8374476,-1.4764154,-0.75091255,-1.6718643
-0.83604443,-1.4726114,-0.74110156,-1.6715223
-0.8174571,-1.4586,-0.7311818,-1.6708847
-0.82172656,-1.4259708,-0.7192193,-1.6702939
-0.82666016,-1.3939953,-0.70734626,-1.6697165
-0.80688095,-1.3942952,-0.6973835,-1.6692283
-0.80677956,-1.4276159,-0.68739754,-1.6686726
-0.787884,-1.4281054,-0.67527455,-1.6680044
-0.7879412,-1.4277043,-0.66527295,-1.6672572
-0.7786971,-1.464993,-0.6534923,-1.6662022
-0.76306415,-1.4663992,-0.64949065,-1.6658578
-0.76201105,-1.4521906,-0.64949065,-1.6658578
-0.76431805,-1.4470415,-0.64949065,-1.6658578
-0.74261487,-1.4497199,-0.64949065,-1.6658578
-0.74536884,-1.4749014,-0.64949065,-1.6658578
-0.7450038,-1.4727087,-0.64949065,-1.6658578
-0.7181834,-1.4680157,-0.64949065,-1.6658578
-0.6879973,-1.4728842,-0.6475891,-1.6656654
-0.67378885,-1.4717534,-0.6475891,-1.6656654
-0.66985536,-1.5024755,-0.6475891,-1.6656654
-0.6601793,-1.4972851,-0.6475891,-1.6656654
-0.64772594,-1.4621437,-0.6475891,-1.6656654
-0.6329209,-1.4556243,-0.6475891,-1.6656654
-0.6155726,-1.4754477,-0.6475891,-1.6656654
-0.6060161,-1.4321651,-0.54286146,-1.6592604
-0.602189,-1.4545009,-0.47352126,-1.6538951
-0.57614905,-1.4295607,-0.4616459,-1.6530309
-0.57268864,-1.4406741,-0.44970137,-1.6523012
-0.51599616,-1.4715307,-0.43764737,-1.6512702
-0.48578784,-1.460913,-0.42750898,-1.6503222
-0.47280255,-1.4447908,-0.39938152,-1.6477304
-0.47066373,-1.498369,-0.38329172,-1.6468302
-0.44854793,-1.4833841,-0.36699423,-1.6453562
-0.4159478,-1.50665,-0.3533275,-1.6442531
-0.39335045,-1.499866,-0.33987924,-1.643134
-0.4000444,-1.4997497,-0.3233897,-1.6416439
-0.3853781,-1.4720938,-0.3072536,-1.6405393
-0.3370768,-1.4931984,-0.29534006,-1.6397297
-0.3181826,-1.456624,-0.28140983,-1.6385145
-0.30902785,-1.4825945,-0.26901188,-1.6369135
-0.31240362,-1.4726877,-0.25689924,-1.6357642
-0.27704492,-1.4780214,-0.2447683,-1.6345533
-0.24158196,-1.4891415,-0.23269652,-1.6335735
-0.24436887,-1.4797435,-0.21739,-1.6319107
-0.23095226,-1.4651144,-0.2049468,-1.6306231
-0.2048836,-1.4827144,-0.1908205,-1.6289359
-0.18627077,-1.4961278,-0.17302172,-1.6270976
-0.18457383,-1.4990585,-0.15697998,-1.6257936
-0.17863166,-1.4835899,-0.1411924,-1.6241363
-0.1367887,-1.5229166,-0.12753995,-1.6228817
-0.14404869,-1.4842622,-0.115486816,-1.621469
-0.12661156,-1.4694448,-0.10346325,-1.6203347
-0.13016039,-1.4474959,-0.08757956,-1.618823
-0.12725773,-1.4639955,-0.07363246,-1.6172326
-0.08180061,-1.4602919,-0.059878614,-1.6160104
-0.08866298,-1.4851003,-0.045840327,-1.6144388
-0.0735794,-1.4935455,-0.033354532,-1.613168
-0.042632997,-1.4884558,-0.023050327,-1.6119068
-0.034502536,-1.4939046,-0.012605661,-1.6107595
-0.01940769,-1.4753366,-0.0009013948,-1.6090802
0.009422094,-1.4925711,0.009077172,-1.6081034
0.024399817,-1.4893794,0.022892268,-1.6065947
0.0501453,-1.4830863,0.04290432,-1.6042906
0.066634804,-1.4321299,0.05873942,-1.6022695
0.09581801,-1.4474876,0.07263443,-1.6006565
0.08851799,-1.452287,0.08842799,-1.5988849
0.09866479,-1.4542434,0.10194913,-1.5972981
0.10245326,-1.4097388,0.11014673,-1.5961915
0.10824981,-1.445687,0.1222231,-1.5946578
0.13872793,-1.4629095,0.14405343,-1.5923071
0.14381555,-1.4696801,0.16016595,-1.5905535
0.13669035,-1.4736118,0.17819919,-1.5883976
0.16728279,-1.471004,0.19229555,-1.5866239
0.19998398,-1.489439,0.20439094,-1.5851109
0.20524105,-1.5052807,0.21832678,-1.5831789
0.23303267,-1.5074883,0.23229396,-1.5813128
0.25904778,-1.4951296,0.24821179,-1.5793236
0.28042427,-1.5071301,0.25983578,-1.5772934
0.29256102,-1.5194068,0.26979324,-1.5761127
0.3028402,-1.5405228,0.28200796,-1.5744548
0.31206712,-1.5271032,0.29214352,-1.57335
0.32698497,-1.5268347,0.3041305,-1.5716811
0.3391002,-1.5201943,0.3160414,-1.569971
0.33940032,-1.5425961,0.3338648,-1.5676088
0.35417065,-1.5403266,0.34785524,-1.5658634
0.36524424,-1.4969549,0.36576456,-1.563208
0.3837255,-1.4760559,0.38160563,-1.5609028
0.39391598,-1.4401319,0.39767095,-1.5588315
0.40510663,-1.4891732,0.4116339,-1.5565594
0.41049388,-1.4245005,0.4255687,-1.5545228
0.4287792,-1.4369929,0.441376,-1.5523254
0.43155822,-1.4572115,0.45322847,-1.5503951
0.45853373,-1.5434425,0.4632662,-1.5489675
0.47911265,-1.5378654,0.48126596,-1.5460552
0.49053505,-1.5609558,0.49336734,-1.5441797
0.5233598,-1.5708773,0.5032769,-1.5424676
0.5265074,-1.5695157,0.5152945,-1.5406977
0.5557549,-1.5694289,0.5250879,-1.5391722
0.5255997,-1.4484317,0.5387505,-1.5373318
0.55104053,-1.4713302,0.554938,-1.5347635
0.5530652,-1.5005872,0.56453747,-1.5332143
0.56450474,-1.4902802,0.5784381,-1.531307
0.5999503,-1.4971771,0.59041345,-1.5295178
0.63630664,-1.5481851,0.6003547,-1.528056
0.6232877,-1.5532095,0.61208075,-1.5262978
0.6375084,-1.5614758,0.6222505,-1.5246292
0.63510966,-1.5465114,0.6325459,-1.5228497
0.63960373,-1.5524347,0.64402026,-1.5209663
0.67614794,-1.5518706,0.6540869,-1.5192574
0.69241214,-1.5413413,0.66641176,-1.5173621
0.7237222,-1.5358677,0.6761291,-1.515914
0.72299445,-1.5104125,0.6902188,-1.5134622
0.72496116,-1.525269,0.7037702,-1.5111638
0.75558925,-1.5390737,0.71573746,-1.5094204
0.7614449,-1.544061,0.7277973,-1.5071675
0.77572846,-1.5190754,0.7470243,-1.5039276
0.79952586,-1.5291092,0.76480263,-1.500875
0.8050096,-1.5551107,0.780805,-1.4982708
0.83916104,-1.5506356,0.79673094,-1.4953727
0.83173037,-1.5119796,0.8087383,-1.4932995
0.8616326,-1.5343225,0.83050734,-1.4895846
0.8602011,-1.5370152,0.8425672,-1.487641
0.8642838,-1.5273871,0.8569635,-1.4849778
0.89833176,-1.5095613,0.87101835,-1.4826211
0.8636073,-1.423502,0.88281626,-1.4806299
0.9072509,-1.4991844,0.8966268,-1.4781097
0.9258479,-1.5034811,0.90640926,-1.4763235
0.9201852,-1.4634421,0.9205264,-1.4736112
0.93941677,-1.5121584,0.9304184,-1.471895
0.93836725,-1.4724474,0.9421198,-1.4696468
0.94745684,-1.5169866,0.95434684,-1.4671096
0.96967304,-1.4927886,0.9645,-1.4652886
0.9677781,-1.4708011,0.97817254,-1.4628742
0.9901655,-1.5023136,0.9959213,-1.4594517
1.0075395,-1.4845219,1.0098885,-1.4569855
0.98756516,-1.4522877,1.0237032,-1.4541949
1.0055732,-1.4725039,1.0376546,-1.4518683
1.0254017,-1.4633093,1.0531605,-1.4489709
1.0259848,-1.4354591,1.067435,-1.4469633
1.049248,-1.4769149,1.0793118,-1.4443585
1.0573553,-1.4625058,1.0938475,-1.4402599
1.0446882,-1.4520233,1.1049223,-1.436117
1.0591633,-1.4450488,1.1186695,-1.429777
1.0918112,-1.4593642,1.1220716,-1.4279783
1.0711566,-1.4220188,1.1343821,-1.4222015
1.1077574,-1.4309182,1.137385,-1.4206376
1.1303444,-1.4776199,1.1389719,-1.4198178
1.1429725,-1.4169996,1.1667423,-1.4029593
1.1640613,-1.4384131,1.1754792,-1.396593
1.1687218,-1.4068735,1.1853328,-1.3884948
1.1758324,-1.4004867,1.1926979,-1.3823526
1.1860055,-1.4010894,1.2003825,-1.3745902
1.22081,-1.3788731,1.2053121,-1.370781
1.2057601,-1.3527544,1.2079749,-1.3680722
1.2143785,-1.3743322,1.2229574,-1.3523654
1.2258121,-1.3663948,1.2305076,-1.3434354
1.2363625,-1.3774817,1.2380764,-1.3351458
1.2461312,-1.342046,1.2454225,-1.3260871
1.2495135,-1.3466122,1.2516353,-1.3180423
1.277356,-1.3639483,1.2587422,-1.3083249
1.324854,-1.3354945,1.2644024,-1.2999116
1.329813,-1.2928071,1.2724215,-1.2877253
1.307406,-1.3311391,1.2778344,-1.2789584
1.3543485,-1.2932768,1.2788497,-1.2770951
1.3601582,-1.2752626,1.2917224,-1.2551004
1.3558114,-1.278538,1.2978585,-1.2438095
1.3757907,-1.3045452,1.308127,-1.2225578
1.3672731,-1.2974975,1.3159589,-1.2045187
1.359093,-1.2947247,1.3223404,-1.1880713
1.375846,-1.2992349,1.3278708,-1.1728177
1.3936511,-1.2393861,1.3326688,-1.1579683
1.3837072,-1.2532051,1.3366581,-1.14485
1.3923919,-1.2271936,1.3406802,-1.1316872
1.4087781,-1.1969161,1.3442812,-1.1181002
1.3903744,-1.2069445,1.3478798,-1.1024382
1.3903998,-1.2066445,1.3507894,-1.0889267
1.3863256,-1.1972868,1.3538088,-1.0725807
1.3936481,-1.1736526,1.3563927,-1.0563664
1.3898414,-1.1728506,1.3574493,-1.0447745
1.4011683,-1.136278,1.3593231,-1.030699
1.399294,-1.1325983,1.3608433,-1.0164821
1.3924588,-1.1151774,1.3618913,-1.0021933
1.3865573,-1.0853882,1.3635497,-0.9833201
1.417941,-1.0186459,1.3641243,-0.9716059
1.4098542,-1.04509,1.3644376,-0.9503438
1.4079381,-1.0390674,1.3645091,-0.9479476
1.4073882,-1.0414363,1.3640102,-0.91418463
1.407092,-1.0229663,1.3631192,-0.89524215
1.3963786,-1.0230718,1.360693,-0.8716194
1.3937324,-1.0271739,1.3583603,-0.85027087
1.4008591,-0.96035767,1.3559436,-0.8340509
1.3999425,-0.9334718,1.3527066,-0.817804
1.3993345,-0.90671974,1.3500508,-0.8039419
1.4017838,-0.90159714,1.3474756,-0.7927635
1.4058796,-0.87190896,1.3451768,-0.77910674
1.4054668,-0.8497331,1.3412093,-0.76332945
1.3998076,-0.86039877,1.3376414,-0.7499383
1.3927186,-0.84724116,1.3340696,-0.7392489
1.393233,-0.8277828,1.329379,-0.7241726
1.38601,-0.80089474,1.3273337,-0.71797186
1.3274689,-0.76986754,1.3177522,-0.692882
1.3949358,-0.7534412,1.3119661,-0.6784523
1.3880832,-0.7382875,1.3069915,-0.6665398
1.3516467,-0.6847689,1.3011236,-0.6552368
1.3266846,-0.664159,1.2968019,-0.645328
1.3226941,-0.6515683,1.29184,-0.63562834
1.3255847,-0.6332347,1.2854912,-0.6246148
1.3249608,-0.6210033,1.2807169,-0.61560154
1.3268342,-0.57628757,1.2758317,-0.6064967
1.3285055,-0.59706014,1.2690827,-0.5958847
1.3294638,-0.5707574,1.2635419,-0.58716303
1.3349363,-0.54683197,1.2567195,-0.57725513
1.3300576,-0.5494582,1.2500465,-0.56745934
1.3164226,-0.52643466,1.2401707,-0.5549936
1.3199378,-0.49503452,1.2351648,-0.548924
1.30195,-0.50359774,1.221386,-0.5329877
1.3086469,-0.525022,1.2069587,-0.518122
1.3300408,-0.53905666,1.1944495,-0.50649095
1.3260942,-0.52618414,1.1684366,-0.48671994
1.3110474,-0.5043076,1.1593058,-0.48076963
1.3122987,-0.47723237,1.1485186,-0.47421837
1.3081598,-0.4954105,1.1393156,-0.46885324
1.2162076,-0.4842075,1.128508,-0.46315962
1.2323196,-0.48178598,1.1173595,-0.45826578
1.2519529,-0.4782896,1.114129,-0.45676422
1.2246242,-0.4677707,1.1125637,-0.4560582
1.1776675,-0.47223875,1.0848483,-0.44652623
1.2013265,-0.47426963,1.0725826,-0.44333902
1.1734741,-0.46387994,1.0604956,-0.440581
1.1513866,-0.4723661,1.0473927,-0.43782923
1.1544906,-0.4585196,1.0300033,-0.43413866
1.1400038,-0.46250486,1.0141904,-0.43088695
1.1411188,-0.51476437,0.99862075,-0.42733172
1.1418172,-0.48994306,0.9803151,-0.42324707
1.141006,-0.502365,0.9626518,-0.4192657
1.1181654,-0.49499813,0.9478419,-0.41588473
1.0904703,-0.47886193,0.93345577,-0.41289368
1.1168729,-0.50798786,0.9170465,-0.40975353
1.0653406,-0.4661632,0.9028438,-0.40710938
1.0743877,-0.46961746,0.8867781,-0.4043468
1.0496451,-0.4851653,0.8746792,-0.40217394
1.0422375,-0.46654466,0.862593,-0.39966246
1.0141304,-0.4801209,0.85034937,-0.39764163
0.99916005,-0.4220606,0.8381516,-0.39533928
0.9908054,-0.5200479,0.8261065,-0.39326695
0.89519763,-0.4366552,0.81002325,-0.39063436
0.9487612,-0.45728612,0.793947,-0.3877261
0.9485891,-0.4650349,0.7802572,-0.38561496
0.9054105,-0.43035018,0.7685399,-0.3837661
0.91651845,-0.469655,0.7549269,-0.38194564
0.91199577,-0.47510263,0.7489348,-0.38111368
0.88032424,-0.4679144,0.73129517,-0.37864432
0.8814573,-0.5025693,0.7193381,-0.37699494
0.8171866,-0.4443404,0.7093384,-0.3755954
0.8079705,-0.43940955,0.6973596,-0.37395757
0.8003689,-0.45564508,0.6874278,-0.37274757
0.7859167,-0.4504041,0.67543775,-0.37130362
0.78493714,-0.4295778,0.6636891,-0.36988282
0.7814988,-0.4455965,0.65369296,-0.3685133
0.7837752,-0.47062242,0.6417651,-0.36682993
0.7558112,-0.47954032,0.625766,-0.36470225
0.74683666,-0.45075473,0.6140547,-0.36307627
0.7392758,-0.4674794,0.60020787,-0.36132818
0.719452,-0.44909418,0.57637936,-0.35825634
0.6963961,-0.45146668,0.55631524,-0.35569423
0.6844678,-0.43956804,0.54077476,-0.35358882
0.67845464,-0.41042745,0.52459997,-0.35216457
0.6763532,-0.43792057,0.5104578,-0.35022184
0.6444652,-0.41497886,0.49834552,-0.34881353
0.6449121,-0.39859062,0.48418015,-0.34739476
0.62834847,-0.39870602,0.4681113,-0.34575874
0.61001027,-0.38423333,0.45792082,-0.34460267
0.5898864,-0.3935428,0.4437695,-0.34290722
0.5978738,-0.43963724,0.43172553,-0.34158427
0.56604075,-0.46277708,0.41964847,-0.34033865
0.55676365,-0.47398293,0.40780583,-0.33894685
0.5148872,-0.43648416,0.39211366,-0.33706862
0.5314354,-0.4765264,0.37820706,-0.33567008
0.50153565,-0.45463282,0.36613807,-0.33425006
0.4792138,-0.43784335,0.3483949,-0.3323647
0.46120855,-0.48972973,0.33420524,-0.33092496
0.45802286,-0.50527275,0.32216513,-0.32953164
0.43048462,-0.48676658,0.3082599,-0.32814303
0.43119964,-0.5399711,0.29220408,-0.32649007
0.4154276,-0.5723529,0.2823086,-0.32549697
0.390543,-0.5586126,0.26816258,-0.32428822
0.374414,-0.6102377,0.2543929,-0.32285306
0.3796949,-0.5923718,0.24434464,-0.32182676
0.37782785,-0.6688169,0.23244253,-0.3209046
0.39611313,-0.732047,0.22043268,-0.31985182
0.40131918,-0.7441778,0.20848234,-0.31888682
0.39567092,-0.7390153,0.19862524,-0.31812268
0.3863524,-0.82033145,0.18689667,-0.3170913
0.3813028,-0.8394351,0.17497766,-0.31585276
0.3678703,-0.8537218,0.15912391,-0.31453884
0.3446218,-0.84613144,0.14536162,-0.3133016
0.3511975,-0.8350017,0.13352604,-0.31228495
0.3296121,-0.9421754,0.121632025,-0.31112406
0.3294672,-0.94434,0.11160945,-0.31006682
0.31351343,-0.9301039,0.09956653,-0.30896774
0.2972553,-0.9847039,0.08734617,-0.30812994
0.28683862,-0.9915855,0.07730248,-0.30733654
0.28055307,-1.0070753,0.06511803,-0.3064831
0.26100037,-1.0885527,0.063110694,-0.3063854
0.25312594,-1.1192904,0.04492221,-0.30493587
0.2770473,-1.1283836,0.034796845,-0.30420417
0.27299914,-1.1333549,0.022688085,-0.30329755
0.28198788,-1.1476083,0.012747538,-0.30265808
0.26661578,-1.2239048,0.0006158965,-0.30201095
0.2587979,-1.2658637,-0.00957495,-0.3013388
0.26613685,-1.2836323,-0.023624504,-0.3005155
0.2581593,-1.347302,-0.037481494,-0.29954338
0.17237881,-1.2916064,-0.051346578,-0.29865953
0.13343772,-1.2610962,-0.06350533,-0.29778075
0.163892,-1.245161,-0.07948969,-0.29663652
0.100739926,-1.2124681,-0.0931946,-0.29572812
-0.05356756,-1.2239467,-0.113124624,-0.2943459
-0.14788789,-0.9912135,-0.12718756,-0.2932318
-0.18458152,-0.8460523,-0.14321171,-0.29247656
-0.20208162,-0.820408,-0.15721267,-0.2913879
-0.2043483,-0.8131314,-0.1714643,-0.2906183
-0.25586107,-0.7770319,-0.18340513,-0.28987652
-0.28945434,-0.7107014,-0.19524018,-0.28938437
-0.2831362,-0.6113984,-0.20712048,-0.28878355
-0.3221386,-0.6314198,-0.21935315,-0.28783178
-0.36142796,-0.63226795,-0.23137179,-0.2872287
-0.3295591,-0.6232408,-0.2433149,-0.2866593
-0.36117905,-0.6311115,-0.25516352,-0.28590864
-0.4131253,-0.59726745,-0.26511532,-0.28539294
-0.4223941,-0.59043765,-0.27703646,-0.2847153
-0.434777,-0.6002314,-0.2989569,-0.28335658
-0.4711546,-0.59470105,-0.31877834,-0.28228486
-0.49200583,-0.5715729,-0.33249098,-0.2815959
-0.55459106,-0.56043553,-0.34668136,-0.2810489
-0.57621473,-0.55502576,-0.36694053,-0.28005463
-0.55912495,-0.56426,-0.3789956,-0.27945346
-0.5957818,-0.54507023,-0.3913434,-0.27890977
-0.6008796,-0.56090474,-0.40165552,-0.27837178
-0.60206443,-0.58338386,-0.41585997,-0.27783778
-0.58414793,-0.574849,-0.43009824,-0.2771141
-0.60982466,-0.57349074,-0.44222158,-0.2766182
-0.63533753,-0.5302371,-0.45427474,-0.27636674
-0.65060365,-0.49728146,-0.46441558,-0.27627477
-0.6859052,-0.50559604,-0.47659037,-0.27573183
-0.68700427,-0.48977673,-0.49067986,-0.27515367
-0.7142403,-0.48543903,-0.50454056,-0.27483705
-0.7159121,-0.4665429,-0.5163682,-0.27433902
-0.7306901,-0.4766212,-0.52805924,-0.27406895
-0.7499316,-0.48289424,-0.540005,-0.2735007
-0.7553648,-0.43288374,-0.54989225,-0.27279842
-0.77937436,-0.4266656,-0.5617086,-0.27222356
-0.7766973,-0.4279251,-0.5718169,-0.27175707
-0.81180024,-0.38407093,-0.5838634,-0.27121747
-0.8170885,-0.38330716,-0.59391147,-0.2709853
-0.8369514,-0.3740899,-0.6040717,-0.27065507
-0.84055185,-0.37537092,-0.61611795,-0.27022702
-0.8316654,-0.39348894,-0.6260258,-0.27005008
-0.8356478,-0.33824173,-0.63617915,-0.2697337
-0.855742,-0.29100552,-0.6321405,-0.26975113
-0.8352817,-0.2805521,-0.6321405,-0.26975113
-0.8459264,-0.29461527,-0.6321405,-0.26975113
-0.8317573,-0.2730219,-0.6321405,-0.26975113
-0.8289962,-0.33803183,-0.6321405,-0.26975113
-0.82124233,-0.29556572,-0.6402283,-0.2695528
-0.823522,-0.31869453,-0.6402283,-0.2695528
-0.8405983,-0.30462977,-0.6402283,-0.2695528
-0.8101084,-0.26418877,-0.6402283,-0.2695528
-0.8379066,-0.28687727,-0.72579557,-0.26732922
-0.83293164,-0.31865835,-0.75922036,-0.26635554
-0.8212986,-0.30315673,-0.7709959,-0.26590893
-0.84509057,-0.28320196,-0.7866999,-0.2653647
-0.8547515,-0.26231995,-0.7965799,-0.2651617
-0.86760914,-0.27023613,-0.81663346,-0.2644038
-0.83504015,-0.27997246,-0.8347982,-0.26427987
-0.86136013,-0.27595758,-0.8590569,-0.26395842
-0.8728214,-0.26050177,-0.87737775,-0.26327786
-0.867761,-0.2884367,-0.8890787,-0.2629564
-0.8613266,-0.2937875,-0.89812416,-0.2633631
-0.8848169,-0.22566569,-0.9107522,-0.26393452
-0.893525,-0.26175094,-0.92688,-0.26337695
-0.8833957,-0.23877873,-0.93925506,-0.26207575
-0.9062433,-0.22900465,-0.94959253,-0.26040182
-0.9141202,-0.23170525,-0.95987123,-0.25837842
-0.9130622,-0.21000923,-0.97014374,-0.2559116
-0.93264425,-0.23937474,-0.9805717,-0.25316632
-0.93854547,-0.24157792,-0.9875403,-0.25096458
-0.95087135,-0.21441403,-0.9996202,-0.2470963
-0.96372557,-0.24358621,-1.0133338,-0.24196191
-0.988605,-0.25567716,-1.032298,-0.23340473
-0.99546456,-0.20615333,-1.0509281,-0.22351603
-1.0201094,-0.20887446,-1.061017,-0.21746485
-1.0267054,-0.2347636,-1.0794109,-0.20563446
-1.0331762,-0.21849783,-1.0891361,-0.1985974
-1.0490059,-0.20761822,-1.1006169,-0.18998818
-1.071901,-0.18859676,-1.1087286,-0.18379669
-1.0787022,-0.1686754,-1.1179456,-0.17555536
-1.1005765,-0.18959765,-1.1271994,-0.1669132
-1.0972296,-0.18449959,-1.1347538,-0.15940166
-1.1006738,-0.16573949,-1.1437217,-0.1503467
-1.0985199,-0.12990193,-1.152453,-0.14081852
-1.1189612,-0.12892817,-1.1596941,-0.13282919
-1.1301347,-0.14533061,-1.1680188,-0.12333142
-1.155115,-0.1334196,-1.1774746,-0.11111126
-1.157477,-0.12079977,-1.1854612,-0.1003386
-1.1476557,-0.11028704,-1.1933354,-0.0894208
-1.1200577,-0.09034634,-1.2010304,-0.07803627
-1.1269447,-0.089462295,-1.2082053,-0.06636781
-1.1507695,-0.102207616,-1.2141331,-0.05654935
-1.1595325,-0.10623005,-1.2212003,-0.044740073
-1.1282896,-0.089701965,-1.2246945,-0.03880821
-1.1452264,-0.05876486,-1.2324857,-0.024443185
-1.1223134,-0.023456693,-1.23891,-0.011936932
-1.1481595,-0.02615875,-1.2439277,-0.0012496329
-1.1494246,-0.044551834,-1.2507719,0.014149088
-1.1472161,-0.020476758,-1.2563177,0.02760928
-1.1522791,-0.0031985044,-1.2617431,0.041168183
-1.1787415,0.053673625,-1.2689542,0.061749253
-1.1575541,0.058430582,-1.2782277,0.089734115
-1.1565466,0.061354578,-1.2846667,0.11394686
-1.1516445,0.059878647,-1.2902778,0.13620785
-1.1420964,0.06148669,-1.2938404,0.15116808
-1.1160679,0.062726796,-1.2976658,0.16876662
-1.1376365,0.09912887,-1.3017423,0.19153899
-1.1321474,0.07964644,-1.304381,0.20692486
-1.1780431,0.1069735,-1.3066696,0.2249208
-1.1660516,0.11415148,-1.3087456,0.24272032
-1.1894906,0.13762403,-1.310195,0.25806144
-1.2056078,0.17440969,-1.3113277,0.27353203
-1.2237896,0.17380863,-1.3127702,0.28889194
-1.26616,0.20401806,-1.3137168,0.3067126
-1.3112842,0.2706344,-1.3141869,0.3297101
-1.3325456,0.3250156,-1.3133703,0.3603185
-1.3258905,0.35768992,-1.3124592,0.3782295
-1.3318784,0.3510148,-1.310677,0.40359208
-1.325495,0.37315172,-1.309022,0.41878867
-1.3199631,0.39436775,-1.3070946,0.43641824
-1.31674,0.4340995,-1.3050367,0.45154563
-1.3193082,0.44198948,-1.3023244,0.46909302
-1.3155113,0.441455,-1.2988569,0.4866328
-1.3148391,0.45494032,-1.2962039,0.5016892
-1.3064756,0.49920475,-1.292992,0.5166945
-1.2988136,0.5512919,-1.2896156,0.531485
-1.3021212,0.5588038,-1.2864082,0.54357564
-1.2976177,0.5756776,-1.2827795,0.5555414
-1.294323,0.60423476,-1.277751,0.57225585
-1.2813656,0.66311896,-1.2717843,0.5911817
-1.2778637,0.68171865,-1.2657443,0.60723287
-1.2814366,0.67055076,-1.2616981,0.61847657
-1.2741467,0.6866122,-1.255865,0.6321263
-1.2605565,0.73056096,-1.2510747,0.6432385
-1.2567788,0.7452494,-1.2457356,0.65413463
-1.2529578,0.7680574,-1.2395048,0.66694885
-1.2553142,0.7562129,-1.2343813,0.6773179
-1.2511195,0.76879996,-1.227972,0.6897182
-1.2392234,0.79952484,-1.2221378,0.69989055
-1.2150365,0.87567466,-1.2147411,0.71216285
-1.2057574,0.900526,-1.2080791,0.7233834
-1.1949562,0.92305857,-1.2080791,0.7233834
-1.1768613,0.9664063,-1.2080791,0.7233834
-1.1627786,1.0039771,-1.2067534,0.7253124
-1.1658587,0.99754196,-1.2067534,0.7253124
-1.159721,1.0103412,-1.1915919,0.7478377
-1.1464429,1.0396268,-1.1688253,0.7773196
-1.1391951,1.0546489,-1.1591607,0.7887096
-1.1312152,1.0696084,-1.1496059,0.79858327
-1.128042,1.0748365,-1.1365757,0.81220704
-1.1216013,1.0868504,-1.1319566,0.8166395
-1.1180376,1.0939465,-1.1227645,0.8249976
-1.1047442,1.1187019,-1.1129922,0.8331845
-1.1110746,1.1068506,-1.1017152,0.84228903
-1.1023517,1.1196761,-1.0856322,0.85469013
-1.1005429,1.1250758,-1.0719663,0.86411065
-1.0806309,1.1460254,-1.0654818,0.86827016
-1.084435,1.1413968,-1.0483863,0.8781476
-1.0916506,1.1288311,-1.0347528,0.88501966
-1.072557,1.1464744,-1.0244477,0.8897134
-1.0464154,1.1586907,-1.0106019,0.8956225
-1.0058739,1.1451733,-0.9981418,0.89992064
-1.0043898,1.0710249,-0.9874928,0.9033003
-1.0095696,1.0558205,-0.9821638,0.9048627
-0.9978436,1.0812805,-0.9645227,0.90889317
-0.9942728,1.0879767,-0.9555554,0.91049576
-1.0017719,1.0672066,-0.9446496,0.912023
-1.0025303,1.0651276,-0.9265399,0.91387945
-1.0131305,1.0276628,-0.9099891,0.9147898
-1.0023975,1.0467324,-0.8991271,0.9148341
-1.0082009,1.0443268,-0.88664484,0.91435933
-0.99828947,1.0715477,-0.8774821,0.9134734
-1.0071946,1.045368,-0.85675687,0.9099856
-1.0111722,1.0310919,-0.83646125,0.90638155
-1.0178119,1.0213566,-0.8182025,0.9030072
-1.0185854,1.0113997,-0.79945374,0.8997156
-1.0139923,1.0320165,-0.7835859,0.8972042
-1.0175407,0.9969447,-0.7681041,0.8948267
-1.0267434,0.99015766,-0.75515413,0.8927545
-1.0045294,0.97250503,-0.7403313,0.8901581
-0.94897664,0.9517632,-0.7277549,0.8876855
-0.9160036,0.953772,-0.71541274,0.88611877
-0.8490429,0.9957934,-0.70554626,0.88425004
-0.8463837,0.99443215,-0.69551593,0.882447
-0.85069877,0.9958363,-0.6816956,0.88002825
-0.8193143,0.9933452,-0.6661159,0.8773742
-0.81163263,1.0090957,-0.6583013,0.8758884
-0.76134264,1.0097711,-0.65044236,0.87457764
-0.74011874,0.91554016,-0.6320742,0.8719729
-0.70492727,0.9184393,-0.626111,0.8709662
-0.82624596,0.9738695,-0.6082731,0.8679951
-0.77331096,0.9288929,-0.59652996,0.86601424
-0.5918437,0.9364945,-0.5864935,0.86450654
-0.5994647,1.0358293,-0.5762785,0.862789
-0.6068703,0.9317123,-0.56445545,0.86068445
-0.6755897,0.943636,-0.5544355,0.85912406
-0.6022607,0.9369572,-0.5440975,0.8575968
-0.5233702,1.0318213,-0.53231615,0.85580826
-0.5407833,0.9774583,-0.5182854,0.85356027
-0.5807971,1.0368214,-0.5078777,0.8519493
-0.55801344,0.9558969,-0.4898494,0.84939927
-0.54649127,0.9715765,-0.47202685,0.8467912
-0.5397453,0.9054368,-0.44797516,0.8439074
-0.5030981,0.9349455,-0.431948,0.8418904
-0.5452091,1.0138822,-0.41404223,0.8396261
-0.51059544,0.9172148,-0.39211455,0.83691525
-0.48019537,0.9696849,-0.37430573,0.83509237
-0.51084876,0.84985656,-0.36032888,0.8333361
-0.48376235,0.94941396,-0.34659827,0.8317165
-0.48287946,0.9359638,-0.33463454,0.8303579
-0.46683094,0.9527076,-0.32081997,0.8287396
-0.4897694,0.87857383,-0.30692074,0.82722706
-0.47466174,0.9239566,-0.2949176,0.8259857
-0.4658101,0.92845935,-0.280729,0.8244994
-0.46891975,0.84530216,-0.26877108,0.8232401
-0.4632283,0.84635514,-0.25673553,0.8221448
-0.46816874,0.86839455,-0.24469526,0.82098645
-0.4466788,0.8943704,-0.23056439,0.8198164
-0.43590182,0.8741891,-0.21475498,0.8185901
-0.4049499,0.9619898,-0.20082037,0.8173554
-0.36559126,0.89268845,-0.18695247,0.8161663
-0.39834332,0.8585337,-0.16897644,0.81474614
-0.38418296,0.9895498,-0.16700396,0.81459624
-0.2879867,1.0519278,-0.14311102,0.812622
-0.2651123,1.0593386,-0.12918995,0.811501
-0.2547594,1.084974,-0.11106907,0.8099982
-0.25069493,1.0917645,-0.09519524,0.80867726
-0.25355113,1.0788505,-0.07921757,0.8075698
-0.24419145,1.0878837,-0.06322933,0.80636233
-0.23054026,1.0823927,-0.053099737,0.8060438
-0.18355623,1.0889392,-0.042894103,0.8053482
-0.1247859,1.10587,-0.028950162,0.80461955
-0.14703512,1.0795193,-0.018844157,0.80408525
-0.18353218,1.1501198,-0.0067727137,0.80342174
-0.09035626,1.0496204,0.0052343057,0.8029198
-0.14894915,1.1218615,0.019133188,0.8023148
-0.0945254,1.1290214,0.03103037,0.80186546
-0.066336066,1.133667,0.04093395,0.80146605
-0.19266367,0.9307986,0.052974418,0.80093586
-0.047587126,0.956183,0.06297481,0.8006303
-0.016523391,0.96476835,0.074810736,0.80017847
-0.018551588,0.98433906,0.08480972,0.79979455
-0.0008304715,0.9811805,0.09676182,0.7994905
0.016211241,0.9732153,0.10677278,0.7990478
0.091263324,0.89151675,0.118708685,0.7986718
0.022161752,0.9035333,0.128557,0.79835045
0.045998067,0.8775299,0.14241047,0.7979846
0.09308657,0.85857195,0.15640722,0.7976251
0.11014119,0.82885534,0.16657236,0.79737043
0.16095099,0.8321255,0.17866388,0.7971412
0.12660775,0.882338,0.20249908,0.79691505
0.1519176,0.8916443,0.22446741,0.7964772
0.16731784,0.86692005,0.24053134,0.79660034
0.22663221,0.8503863,0.25637278,0.7968537
0.23435071,0.9042631,0.26809922,0.7972196
0.2514734,0.88879114,0.27996543,0.79700255
0.25885049,0.8901691,0.2939752,0.7969634
0.25659612,0.90657896,0.3059484,0.79693156
0.27273354,0.89731246,0.31775793,0.7969486
0.27352497,0.8915749,0.3297794,0.7969598
0.27939942,0.90036875,0.34161496,0.7971646
0.28214356,0.9008892,0.35346568,0.7972954
0.3087081,0.8768801,0.36754096,0.797416
0.31332502,0.874917,0.3813511,0.7976633
0.34981033,0.8735023,0.4037345,0.79824436
0.34766117,0.85147184,0.41960797,0.79877865
0.34740362,0.8680964,0.43561733,0.79952407
0.36818513,0.8504757,0.4555963,0.8003743
0.37780073,0.8836805,0.47170353,0.8011732
0.387372,0.85728043,0.4839193,0.8017184
0.46176687,0.84566945,0.5019469,0.80259335
0.4431891,0.8484672,0.51593274,0.80324316
0.469712,0.8166508,0.5243989,0.80367947
0.48884103,0.80396897,0.54562837,0.80449057
0.49017206,0.8319705,0.55981624,0.8053057
0.49535754,0.8268165,0.57179755,0.80593234
0.51055694,0.8654714,0.58764184,0.80681187
0.5445093,0.9400584,0.60163575,0.80753696
0.5402247,0.96104306,0.6159613,0.80846226
0.55031943,0.9938304,0.6282,0.8092235
0.56947005,1.0024445,0.63807964,0.8102109
0.56982934,1.0305917,0.65031826,0.8110497
0.5700376,1.0266435,0.66424954,0.8118799
0.56816065,1.0479834,0.67628294,0.81268257
0.57590985,1.0379164,0.6882629,0.8137572
0.6131532,1.0865674,0.6983883,0.81468636
0.633459,1.0548184,0.71037203,0.8156847
0.6692282,1.035033,0.7205414,0.81676084
0.67458415,1.0635655,0.73046684,0.8176897
0.66118944,1.1188407,0.7423992,0.8187
0.67262995,1.0907516,0.7523285,0.8197762
0.6927197,1.1369612,0.76421756,0.8207074
0.7013507,1.1170428,0.77420527,0.82149607
0.74004555,1.1857798,0.7840455,0.8224977
0.8221688,1.1830225,0.79610425,0.8235897
0.85663605,1.1584461,0.80798984,0.82468516
0.91560376,1.1875207,0.82214534,0.82599694
0.9500481,1.2107315,0.8321989,0.82678485
0.98556185,1.1641605,0.8443348,0.82808954
1.0137495,1.1639178,0.85851496,0.8295766
1.0705073,1.1637509,0.8704259,0.8309538
1.0561337,1.1138978,0.8745039,0.83148396
1.086888,1.1414819,0.9104415,0.8360838
1.1501585,1.1102862,0.9263442,0.83822423
1.1144153,1.1132419,0.94236374,0.8401863
1.1660364,1.0190034,0.9563531,0.84240687
1.1661191,1.019263,0.97004676,0.84413564
1.1927197,0.9917056,0.98532456,0.8463656
1.2213812,0.98358065,0.99811244,0.84863853
1.2267385,1.0054843,1.0087827,0.85022587
1.2459688,0.946763,1.0208651,0.85133076
1.2741195,0.9585059,1.029701,0.8518943
1.2286476,0.96591467,1.0402488,0.85199124
1.2958415,0.9650901,1.0524646,0.8513323
1.2899803,0.9708348,1.0648849,0.84998214
1.3092508,0.9034304,1.075433,0.84849936
1.2480643,0.8568042,1.0880114,0.8468235
1.2517139,0.85632986,1.1040746,0.84340316
1.3335534,0.80060524,1.1216826,0.8385008
1.2387145,0.8530126,1.1341476,0.834567
1.1247996,0.82004625,1.1464663,0.82980174
1.1470506,0.90398353,1.1585637,0.82433635
1.1005583,0.8619483,1.1691263,0.81911266
1.1168139,0.9121503,1.1811484,0.8126347
1.0435038,0.86166126,1.1930836,0.8054909
1.093351,0.8775614,1.2014605,0.7998238
1.0900142,0.8925182,1.2147211,0.7906564
1.0989686,0.90933996,1.2246634,0.7831317
1.1627679,0.96135014,1.2325878,0.7764419
1.1789671,0.9465429,1.2422872,0.76820457
1.1829323,0.94091576,1.2503179,0.7611287
1.2137641,0.9450188,1.2609679,0.7509233
1.234934,0.96815807,1.2701261,0.74186146
1.262813,0.94026595,1.2790031,0.7327788
1.2630761,0.9505034,1.2876366,0.7229957
1.2504387,0.95803434,1.2961525,0.7130574
1.3114262,0.9536752,1.3031415,0.70418787
1.300742,0.9603469,1.3099014,0.6953673
1.2977978,0.95137125,1.3176318,0.68431896
1.3114413,0.9433088,1.3239576,0.674818
1.3157014,0.9638836,1.3315666,0.6631217
1.3171635,0.96144336,1.3375875,0.6532663
1.366017,0.9403991,1.3445474,0.64131254
1.3547456,0.938373,1.3500687,0.63127095
1.3746574,0.91707534,1.3566245,0.61889225
1.3722957,0.92092735,1.3620564,0.60802865
1.3751888,0.9190516,1.3683635,0.59466696
1.3834784,0.8806904,1.374407,0.58126706
1.3831286,0.87878376,1.3798362,0.5675494
1.3840554,0.8832975,1.3844177,0.5560612
1.3873137,0.8612488,1.3902013,0.5400464
1.3856153,0.86405355,1.3977282,0.51907325
1.390427,0.8196444,1.4042037,0.49983782
1.3901547,0.82755023,1.4102172,0.47534457
1.3902525,0.81934303,1.410859,0.4728869
1.3925855,0.794002,1.4151387,0.45272052
1.393578,0.77791125,1.4201412,0.42746684
1.3957055,0.7382805,1.4229445,0.4122407
1.3982526,0.7003888,1.4254159,0.39460477
1.397485,0.70528316,1.427909,0.3765969
1.3984449,0.7161358,1.42966,0.36109194
1.398104,0.69492894,1.430966,0.34547353
1.4011225,0.6776917,1.4322823,0.3273603
1.400124,0.67048866,1.4329062,0.31154472
1.4046464,0.61560225,1.4334757,0.29588613
1.4074513,0.57871425,1.4333032,0.2856509
1.4101976,0.52260214,1.4332297,0.2706637
1.410936,0.48880392,1.4326576,0.25026634
1.4157805,0.42040253,1.4319719,0.2292029
1.4156784,0.39304042,1.4302768,0.20836614
1.4161613,0.39120203,1.4284328,0.19013129
1.4175556,0.33376384,1.4266486,0.17466757
1.4156034,0.3843922,1.4241464,0.15610963
1.4200461,0.28216004,1.4208999,0.13576758
1.4166218,0.32693738,1.4169267,0.113774754
1.4245397,0.20394227,1.4127508,0.091655344
1.4202276,0.30011702,1.4090449,0.0715036
1.4230179,0.23775107,1.4054981,0.05188118
1.4254129,0.19977999,1.4022386,0.032902554
1.4254698,0.17647833,1.3995229,0.017367465
1.4232423,0.11988419,1.3966017,-0.0010987637
1.4233469,0.087463975,1.3950943,-0.010167079
1.42434,0.084534585,1.3897887,-0.043527648
1.4283285,0.031985134,1.386175,-0.064061016
1.4302338,0.029526532,1.3825722,-0.083808236
1.4339634,-0.016563296,1.3797309,-0.1002694
1.4388342,-0.07183179,1.3767868,-0.11693016
1.4388849,-0.079055935,1.3736304,-0.13376404
1.4439551,-0.13358015,1.3708296,-0.1506319
1.448875,-0.22665946,1.368277,-0.16456035
1.4467788,-0.2258766,1.3653255,-0.18151063
1.4485217,-0.2508499,1.3626939,-0.19556564
1.4527103,-0.2927519,1.3593735,-0.2121745
1.4526938,-0.31783664,1.3569363,-0.22655135
1.451751,-0.32259408,1.3540711,-0.24323921
1.4543588,-0.35133362,1.3516301,-0.2570632
1.4554728,-0.41776866,1.3486307,-0.2738003
1.3693637,-0.3848924,1.3456936,-0.29076776
1.3647277,-0.38036048,1.3434159,-0.30465066
1.4522166,-0.45071277,1.339812,-0.32707703
1.3792433,-0.46941358,1.3374696,-0.34125555
1.3703378,-0.4893568,1.3367053,-0.34685478
1.370109,-0.4998277,1.3323115,-0.37498096
1.3713769,-0.5304978,1.3290482,-0.39194345
1.3684509,-0.53764224,1.3244368,-0.41701195
1.3662187,-0.5387534,1.3203337,-0.44213778
1.3488674,-0.56679523,1.3155766,-0.470151
1.3547953,-0.5607847,1.3123266,-0.48964763
1.3687501,-0.5674902,1.3104259,-0.5006424
1.3694298,-0.5622343,1.3101083,-0.5034378
1.3692242,-0.5739262,1.3016415,-0.556406
1.3674324,-0.5887823,1.2987388,-0.5758101
1.3601635,-0.6189038,1.2967639,-0.5898419
1.3171356,-0.56280994,1.293974,-0.6097339
1.358047,-0.6046799,1.291735,-0.62656194
1.3510728,-0.60520107,1.2893353,-0.6435013
1.2878793,-0.6258762,1.2865031,-0.6633346
1.3341693,-0.6460143,1.2838663,-0.6802161
1.3321576,-0.6635603,1.2810721,-0.7001611
1.3526334,-0.6640332,1.2779386,-0.72273123
1.3560429,-0.67682266,1.2755026,-0.7397503
1.3546804,-0.6755866,1.2718546,-0.76253235
1.3590188,-0.65988314,1.2689707,-0.7851424
1.3667368,-0.67988473,1.2661681,-0.8049346
1.3614352,-0.660516,1.2640454,-0.82183623
1.373823,-0.68764496,1.260613,-0.84757966
1.3676466,-0.67604494,1.2572651,-0.8730744
1.3625091,-0.71232736,1.2544973,-0.8956034
1.3631973,-0.7153463,1.2521883,-0.91542685
1.376593,-0.72879565,1.2501092,-0.9326769
1.3736986,-0.7680205,1.248074,-0.94970274
1.3802402,-0.77766436,1.2454531,-0.9693268
1.3856356,-0.8157526,1.243743,-0.9834346
1.3755803,-0.7691171,1.2417715,-1.000178
1.378641,-0.76542366,1.2399458,-1.0170993
1.3712157,-0.75130427,1.2397338,-1.0199217
1.3758179,-0.78365856,1.2351612,-1.0568811
1.3912369,-0.8464045,1.2326244,-1.076922
1.3910844,-0.87304467,1.2303478,-1.0939947
1.3872746,-0.91921467,1.2283872,-1.1110381
1.4513916,-0.939368,1.22632,-1.1281269
1.3792081,-0.928318,1.224375,-1.1423497
1.4062375,-1.0362334,1.2225248,-1.1566216
1.3825833,-1.0502963,1.2204087,-1.173784
1.3666171,-1.0958974,1.2183386,-1.1910183
1.3482496,-1.0870688,1.2168238,-1.2053627
1.3379334,-1.060992,1.2150369,-1.2198237
1.3161919,-1.0948555,1.2129087,-1.2403618
1.3122536,-1.1214511,1.2110243,-1.2575802
1.3079364,-1.1331325,1.2087709,-1.2774037
1.2918674,-1.1356747,1.2069181,-1.2945169
1.3042424,-1.1696162,1.2051488,-1.311747
1.3053616,-1.1551919,1.202989,-1.3319379
1.3016951,-1.1757643,1.2004789,-1.357729
1.2807567,-1.1928687,1.1967022,-1.3949083
1.3399904,-1.2539964,1.1949301,-1.4149444
1.3059483,-1.291775,1.1933385,-1.4316812
1.3209186,-1.2724905,1.191621,-1.448503
1.2855858,-1.3027532,1.1900202,-1.4672043
1.2712637,-1.3701148,1.18902,-1.4810772
1.2742032,-1.407419,1.1887695,-1.4877474
1.2911007,-1.3953717,1.1886954,-1.4884378
1.2931248,-1.3939021,1.1887599,-1.4878873
1.278946,-1.4257848,1.1891063,-1.4832567
1.2734967,-1.4314649,1.1891608,-1.4831293
1.271509,-1.4361255,1.1891534,-1.483328
1.2557231,-1.4570026,1.1891947,-1.4833899
1.2451602,-1.4448154,1.1892049,-1.483473
1.2323529,-1.4794443,1.1892039,-1.4834355
1.2107874,-1.5080173,1.1892221,-1.4834731
1.2115443,-1.5062687,1.1892362,-1.4834687
1.2085333,-1.5161805,1.1892331,-1.4834731
1.2031679,-1.5137851,1.1892298,-1.4834726
1.2035333,-1.5165701,1.1892194,-1.4834459
1.1999537,-1.5201564,1.1892439,-1.4834707
1.1964278,-1.5182109,1.1892352,-1.4834255
1.192478,-1.5262406,1.1892436,-1.4834552
1.1926261,-1.5268207,1.1892598,-1.4834597
1.1824695,-1.5330672,1.1892372,-1.4834476
1.1784621,-1.5370381,1.1893098,-1.483471
1.1747472,-1.5387902,1.1892545,-1.4834379
1.1698084,-1.5416257,1.1892672,-1.4834788
1.1784791,-1.5364141,1.1892503,-1.4834694
1.171174,-1.5379884,1.1892911,-1.4834734
1.1707436,-1.5368536,1.1892922,-1.483488
1.1744833,-1.5367107,1.1892897,-1.4834841
1.1724067,-1.5375187,1.1892749,-1.4834697
1.1743113,-1.5367877,1.1893095,-1.4834808
1.1802825,-1.5351727,1.1893214,-1.4835216
1.1697568,-1.5398381,1.1893196,-1.4835079
1.1490457,-1.5433037,1.1893243,-1.4835066
1.1589018,-1.5412965,1.1892954,-1.4834934
1.1679848,-1.5410092,1.1893183,-1.4834934
1.168397,-1.5423918,1.1893214,-1.4834675
1.1605637,-1.5435383,1.1893331,-1.4835005
1.1535065,-1.5437596,1.1893169,-1.4834816
1.154144,-1.5436859,1.1893454,-1.4834877
1.1510283,-1.5416999,1.1893162,-1.4835097
1.1458709,-1.5411084,1.1895626,-1.4831554
1.1511724,-1.5391066,1.1893524,-1.4834789
1.1614276,-1.5398111,1.1893253,-1.4835056
1.1477146,-1.5423024,1.1893425,-1.4835229
1.1528615,-1.5412204,1.1893032,-1.4835291
1.165213,-1.5376117,1.1893331,-1.4835173
1.1749673,-1.5334513,1.1893549,-1.4835069
1.1682351,-1.5364721,1.1893502,-1.4834995
1.1611364,-1.5401337,1.189338,-1.4835087
1.1718358,-1.5378737,1.1893502,-1.4835031
1.1625642,-1.5383775,1.1893464,-1.4835212
1.1674956,-1.5363994,1.1893668,-1.483518
1.1608524,-1.5393553,1.1893573,-1.4835167
1.1561583,-1.5437479,1.1893562,-1.4835019
1.1570845,-1.5424604,1.1893411,-1.4835033
1.1573831,-1.5360527,1.1893791,-1.4835086
1.1593022,-1.5365207,1.1893612,-1.4835105
1.1619668,-1.537893,1.189365,-1.4835246
1.1524055,-1.5380132,1.1893661,-1.483541
1.1624639,-1.5302358,1.1895274,-1.4833032
1.1486192,-1.5412891,1.1893742,-1.483519
1.1536922,-1.5369635,1.1893528,-1.4835169
1.1665233,-1.5296977,1.1893665,-1.4835099
1.1442862,-1.534823,1.1893398,-1.4835144
1.1524332,-1.5425909,1.1893569,-1.4835124
1.1566484,-1.5430262,1.1893686,-1.4835258
1.1492198,-1.5413992,1.1895752,-1.4832343
1.1583077,-1.5369897,1.1893672,-1.4835163
1.1664002,-1.5344751,1.1894573,-1.4834322
1.15494,-1.5384269,1.1893657,-1.4835242
1.1532849,-1.5380104,1.18937,-1.4835341
1.159183,-1.5332618,1.1893365,-1.4835181
1.1683756,-1.5256083,1.1893616,-1.4835292
1.1659143,-1.5316565,1.1893749,-1.4835217
1.1598781,-1.5368042,1.1893859,-1.4835389
1.1614553,-1.5344446,1.1893848,-1.4835327
1.1514453,-1.5344784,1.1893901,-1.483529
1.1366287,-1.5384672,1.1893411,-1.4835261
1.1452777,-1.5329864,1.189389,-1.4835188
1.1591655,-1.5219183,1.189383,-1.4835382
1.1538819,-1.5265653,1.1896738,-1.4831504
1.1538097,-1.5327096,1.1894158,-1.4834263
1.1635289,-1.5215597,1.1893657,-1.4835194
1.1693473,-1.5250793,1.189383,-1.4835179
1.1692345,-1.5290718,1.1893643,-1.4835464
1.1657302,-1.5268288,1.1893823,-1.4835415
1.1666876,-1.5277193,1.1893859,-1.4835283
1.1544797,-1.5333474,1.1894073,-1.4835373
1.1598759,-1.5294635,1.1894097,-1.4835355
1.1692307,-1.5192101,1.1894104,-1.4835343
1.1733705,-1.5250394,1.1894104,-1.4835544
1.1556036,-1.5348895,1.1893872,-1.483529
1.179163,-1.5262,1.1895999,-1.4832869
1.1786336,-1.5270813,1.18942,-1.4835075
1.1776408,-1.5287809,1.1894274,-1.483544
1.174593,-1.5308273,1.1894252,-1.483561
1.1758655,-1.5270016,1.1894193,-1.4835452
1.1727021,-1.5311186,1.1894133,-1.4835509
1.1604056,-1.534106,1.1894524,-1.4835314
1.1604743,-1.5318062,1.1894158,-1.4835362
1.160291,-1.5343874,1.1894598,-1.4835594
1.1643994,-1.5375972,1.1893771,-1.483559
1.1611224,-1.5391645,1.1894461,-1.483553
1.1520336,-1.5408447,1.1894267,-1.483557
1.1508111,-1.539381,1.1894461,-1.4835657
1.1584208,-1.5369341,1.1894097,-1.4835558
1.1507107,-1.5387414,1.1894474,-1.4835547
1.1513325,-1.5384092,1.1897992,-1.4830731
1.1427652,-1.534579,1.1895442,-1.4834565
1.1512684,-1.5326374,1.1894443,-1.4835588
1.1446319,-1.5379715,1.1894629,-1.4835523
1.1520398,-1.5342968,1.1894389,-1.4835793
1.1493291,-1.5302699,1.1894436,-1.4835782
1.164866,-1.5319262,1.189431,-1.4835465
1.1641022,-1.5345814,1.1894732,-1.4835615
1.1476862,-1.5361011,1.189892,-1.482965
1.1425662,-1.5411761,1.1895278,-1.4834414
1.1689003,-1.5265741,1.189451,-1.4835703
1.1703598,-1.5286839,1.1894454,-1.483583
1.1399106,-1.535181,1.1894717,-1.4835846
1.16422,-1.528317,1.1894513,-1.4835751
1.1730849,-1.5177722,1.1894555,-1.4835731
1.1741592,-1.5253758,1.1894834,-1.4835787
1.1570257,-1.5343568,1.1894791,-1.483573
1.1541872,-1.5277491,1.1894524,-1.4835753
1.1791067,-1.5234597,1.1894795,-1.4835685
1.1611171,-1.5356827,1.1894679,-1.4835716
1.157406,-1.5333629,1.1894883,-1.4835727
1.1656741,-1.5268078,1.1894809,-1.4835699
1.1566018,-1.5331855,1.1894696,-1.4835751
1.1681174,-1.5289524,1.189452,-1.4835669
1.1708039,-1.5315692,1.1894784,-1.4835572
1.1481055,-1.537364,1.1894492,-1.4835559
1.1590071,-1.5396247,1.1894788,-1.483574
1.1425879,-1.5429764,1.1894618,-1.4835799
1.1601514,-1.5377214,1.1894886,-1.4835687
1.1387309,-1.5412772,1.1894943,-1.4835664
1.148495,-1.5393345,1.1894675,-1.4835683
1.1690794,-1.5279462,1.189495,-1.483575
1.1530246,-1.5376279,1.1895013,-1.4835626
1.1513411,-1.5376892,1.1894696,-1.4835694
1.1670098,-1.5320952,1.1894618,-1.4835786
1.148955,-1.5333967,1.1894757,-1.4835885
1.1616322,-1.5368035,1.1894788,-1.4835926
1.1576934,-1.539664,1.1894591,-1.483552
1.14339,-1.5402651,1.1894773,-1.4835902
1.1555974,-1.5401666,1.1895587,-1.4834782
1.1467894,-1.5416889,1.1894813,-1.4835718
1.1400781,-1.5438774,1.1894991,-1.4835696
1.154385,-1.5403144,1.1894946,-1.4835782
1.1590436,-1.5380912,1.1894541,-1.483561
1.1689309,-1.5324526,1.189477,-1.4835875
1.1546309,-1.5350266,1.1894732,-1.4835906
1.1486433,-1.5303171,1.1894827,-1.4835721
1.172075,-1.534651,1.1894513,-1.4835665
1.1574075,-1.5374091,1.1897967,-1.4831986
1.1534114,-1.5389915,1.1895341,-1.48351
1.1607047,-1.5410936,1.1894795,-1.4835958
1.1712992,-1.5375175,1.1894753,-1.4835718
1.1694053,-1.5334694,1.1894513,-1.4835631
1.1733953,-1.5340035,1.1894739,-1.4835716
1.162469,-1.5361576,1.1894735,-1.483586
1.1653173,-1.5359616,1.1894155,-1.4835767
1.1606144,-1.5367298,1.1894537,-1.4835846
1.1624653,-1.5375104,1.1897428,-1.483186
1.1634736,-1.5350738,1.1894714,-1.4835817
1.162487,-1.5337012,1.1894625,-1.4835699
1.1598883,-1.533586,1.1894689,-1.4835681
1.1663684,-1.5321803,1.1894665,-1.4835774
1.1687589,-1.5312281,1.1894668,-1.4836022
1.158486,-1.533494,1.1894643,-1.4835789
1.1598856,-1.5365958,1.189452,-1.483562
1.1657491,-1.533489,1.1894717,-1.4835789
1.1660265,-1.5351164,1.1894517,-1.4835618
1.1674646,-1.5316527,1.1894622,-1.4835746
1.1684798,-1.5292945,1.1894894,-1.4835614
1.1607174,-1.5332594,1.1894478,-1.4835836
1.1562579,-1.5396185,1.1894612,-1.4836004
1.1637108,-1.5374231,1.189407,-1.4835956
1.1649905,-1.536309,1.1894569,-1.4835671
1.1591226,-1.5385294,1.1894517,-1.4835706
1.1387471,-1.5451427,1.1894661,-1.4835578
1.145373,-1.5365503,1.1894609,-1.4835336
1.1591058,-1.5318766,1.1896805,-1.4832312
1.1496744,-1.5361588,1.1895238,-1.4834921
1.1503555,-1.5318079,1.1894097,-1.4835883
1.1580528,-1.5275345,1.1894517,-1.4835658
1.1726323,-1.5333679,1.189452,-1.4835743
1.1635481,-1.5399678,1.1894541,-1.4835783
1.1604275,-1.5368133,1.189434,-1.4835768
1.1584723,-1.5344343,1.1894834,-1.4835806
1.1695181,-1.5308049,1.1894238,-1.4835845
1.1755062,-1.5312684,1.1894795,-1.4835783
1.1727139,-1.5311005,1.1893879,-1.483583
1.1693461,-1.5304518,1.1894425,-1.4835476
1.1752127,-1.5317111,1.1894443,-1.4835876
1.1776271,-1.5331244,1.1894562,-1.48357
1.1781489,-1.5301971,1.1894207,-1.483577
1.1804103,-1.5299757,1.1895514,-1.4834148
1.1756415,-1.532902,1.189413,-1.4835532
1.1677465,-1.5321598,1.1894566,-1.4835708
1.1669602,-1.5305145,1.1896527,-1.4832219
1.166838,-1.52952,1.1894274,-1.4835377
1.1843877,-1.524749,1.1894104,-1.4835358
1.1859374,-1.5250974,1.1894288,-1.4835635
1.1814493,-1.5258682,1.1893872,-1.4835541
1.1796548,-1.5266454,1.189426,-1.4835308
1.1801894,-1.5283473,1.1894295,-1.4835514
1.1742026,-1.5323935,1.1894144,-1.4835632
1.1753377,-1.532176,1.1893805,-1.4835804
1.1692574,-1.5333426,1.189395,-1.4835628
1.1793754,-1.5338085,1.1894087,-1.4835538
1.1779845,-1.5252962,1.1893805,-1.4835488
1.1714889,-1.5259953,1.1894048,-1.4835612
1.1780936,-1.5265126,1.1893528,-1.4835508
1.1701027,-1.5253906,1.1893816,-1.4835453
1.1828911,-1.5204766,1.1896636,-1.4831455
1.1675225,-1.5276744,1.1893812,-1.4835287
1.1820676,-1.524205,1.1894683,-1.4833691
1.1778619,-1.5236442,1.1893405,-1.483535
1.1707953,-1.5254304,1.1893398,-1.4835117
1.1705216,-1.5283105,1.1893421,-1.4835433
1.1793089,-1.5253372,1.189325,-1.4835178
1.1738019,-1.5284588,1.1893405,-1.4835244
1.1712286,-1.5287204,1.1893461,-1.4835404
1.1662995,-1.5292027,1.189339,-1.4835119
1.1590947,-1.53614,1.1893288,-1.4835052
1.1722734,-1.5277743,1.1895326,-1.4832222
1.1868112,-1.5108926,1.1892816,-1.4834921
1.1683904,-1.5243001,1.1895442,-1.4831672
1.1701744,-1.5260916,1.189294,-1.4834684
1.1755692,-1.4934301,1.1892844,-1.4835104
1.1858053,-1.517101,1.1892844,-1.4834929
1.1686379,-1.5275104,1.1892626,-1.4834759
1.1760448,-1.5151427,1.1892967,-1.4835156
1.1753569,-1.5100245,1.1896343,-1.4829973
1.1767797,-1.5309002,1.189409,-1.483356
1.1537247,-1.5334651,1.189251,-1.4834977
1.1653802,-1.5301456,1.1892982,-1.4834973
1.1659197,-1.5339501,1.1892372,-1.4835104
1.1669763,-1.5309246,1.1893073,-1.4835052
1.1818749,-1.51963,1.1893073,-1.4834831
1.1676692,-1.5296156,1.1892524,-1.4835151
1.1796889,-1.5258961,1.1892524,-1.4835151
1.2028692,-1.5108218,1.1892524,-1.4835151
1.1694633,-1.5311201,1.1892524,-1.4835151
1.1700817,-1.5299966,1.1892524,-1.4835151
1.1884665,-1.5279448,1.1892524,-1.4835151
1.1562831,-1.5420654,1.1892524,-1.4835151
1.1510748,-1.5431006,1.1892524,-1.4835151
1.1674571,-1.5395885,1.1892524,-1.4835151
1.155215,-1.5421381,1.1893172,-1.483508
1.150167,-1.5441802,1.1893172,-1.483508
1.1567448,-1.5416071,1.1893172,-1.483508
1.1517391,-1.539598,1.1893172,-1.483508
1.164674,-1.5379758,1.1893172,-1.483508
1.1489024,-1.5441186,1.1893172,-1.483508
1.1550883,-1.5432665,1.1893172,-1.483508
1.1494191,-1.5443118,1.1893172,-1.483508
1.1539676,-1.5429516,1.1893172,-1.483508
1.148337,-1.5446472,1.1892816,-1.4835249
1.1572148,-1.539079,1.1893358,-1.4835058
1.1532923,-1.5394716,1.1893528,-1.4835191
1.1629375,-1.5376546,1.1894721,-1.4832704
