True_X,True_Y,Pred_X,Pred_Y
4.3243923,1.5670692,4.5830007,1.3119448
4.3140097,1.5766016,4.545715,1.3846503
4.301663,1.5880752,4.55971,1.3483975
4.2916064,1.5973365,4.4427104,1.3747963
4.279376,1.6084579,4.4871435,1.384606
4.269257,1.6175625,4.5603485,1.3932357
4.2572265,1.6284573,4.396304,1.3657696
4.2532563,1.6321734,4.4214315,1.4049135
4.237151,1.646628,4.3746204,1.4301889
4.225084,1.6577208,4.38702,1.4061455
4.2156315,1.6660455,4.348223,1.4220179
4.2043295,1.6757643,4.398701,1.3903307
4.1933413,1.6857253,4.399761,1.3954366
4.1845202,1.6942202,4.3158035,1.4869977
4.174149,1.7044401,4.320485,1.4406878
4.1659408,1.7130911,4.3299627,1.4907079
4.156327,1.7237002,4.2777505,1.4465326
4.1470547,1.734675,4.3127193,1.4905363
4.1394844,1.7441908,4.3151684,1.5256325
4.130639,1.7558051,4.3907223,1.5621599
4.1236377,1.7657417,4.360605,1.6362913
4.1151204,1.7776036,4.297222,1.5775334
4.1084733,1.787907,4.2261243,1.6126885
4.1005645,1.8007033,4.189714,1.5977539
4.0941486,1.811189,4.1812406,1.5853248
4.088112,1.8217244,4.32196,1.5962815
4.081201,1.8346262,4.2258544,1.5878663
4.075051,1.8474681,4.099436,1.6064206
4.0697684,1.8586932,4.0599995,1.6632867
4.063908,1.8721318,4.123936,1.7044284
4.0590844,1.8835503,4.126699,1.7502934
4.0547447,1.8945584,4.1312585,1.7950104
4.0497227,1.9084026,4.1272807,1.8408318
4.044903,1.9220997,4.1181445,1.8524392
4.041356,1.9334314,4.117088,1.9378068
4.037202,1.9472189,4.163538,2.0285316
4.0344296,1.9589574,4.09496,2.020999
4.0317698,1.9729035,4.1335473,2.0137854
4.029208,1.9846838,4.1435094,2.0391843
4.0270095,1.9998935,4.1899767,2.100701
4.0250673,2.013542,4.259003,2.0702515
4.0225377,2.0315433,4.262112,2.061932
4.020891,2.0467157,4.1825953,2.0938423
4.0188227,2.062289,4.13679,2.0788074
4.015803,2.081495,4.1132483,2.1124887
4.012856,2.1010015,4.1424384,2.0903468
4.010061,2.1195395,4.159199,2.055307
4.0077558,2.1349044,4.144534,2.108496
4.0048637,2.1527438,4.185413,2.0844955
4.0029335,2.1675057,4.1847405,2.1637619
4.0003467,2.1852162,4.18445,2.1417382
3.9973774,2.2024572,4.245686,2.2262998
3.995442,2.2166405,4.1657557,2.1640267
3.9926405,2.233387,4.118342,2.1955752
3.9913776,2.2477052,4.099211,2.1710734
3.9889343,2.2649024,4.1187725,2.2420275
3.986396,2.281416,4.1138387,2.1792543
3.9841614,2.2979498,4.0953884,2.1425426
3.9818983,2.3147132,4.1266265,2.1844108
3.9794705,2.3308432,4.1196723,2.2163281
3.9773612,2.3444893,4.2023206,2.2269723
3.9749086,2.360945,4.326069,2.2744393
3.9718497,2.3802197,4.1868186,2.1871889
3.9697442,2.3965886,4.150427,2.1985545
3.9676707,2.4104114,4.0863323,2.2129195
3.9653208,2.4269116,3.955777,2.1680994
3.9632032,2.440527,3.9924955,2.143294
3.9606678,2.4568949,4.0733504,2.2101786
3.9586172,2.4706397,4.0068555,2.1765227
3.957707,2.4789066,4.05762,2.2349076
3.9543042,2.5007942,4.116989,2.3024135
3.951717,2.5170755,4.148449,2.3480346
3.9495833,2.530565,4.2589264,2.3696802
3.9475412,2.5441585,4.3378415,2.4930632
3.944922,2.5606253,4.2447376,2.3945339
3.9421666,2.5771143,4.248253,2.431684
3.939114,2.596555,4.1333084,2.3326848
3.9365005,2.613099,4.0953946,2.3590045
3.9341564,2.6267586,4.0402555,2.3973923
3.9307952,2.6443486,4.0157504,2.3627212
3.927857,2.6591551,4.086429,2.467884
3.9256268,2.6712973,4.2591324,2.5570579
3.9237525,2.6833663,4.311665,2.6124542
3.9220297,2.697581,4.3413806,2.6565654
3.9211338,2.7091782,4.231308,2.6353362
3.9198635,2.723387,4.1693516,2.586181
3.9194016,2.7353907,4.1262283,2.6087089
3.9193304,2.749919,4.107111,2.6103663
3.9191632,2.761731,4.1105924,2.628693
3.91966,2.7762687,4.089159,2.6580062
3.9201102,2.788254,4.066184,2.6827376
3.921211,2.80266,4.0830903,2.746082
3.9224055,2.8169346,4.093019,2.7418947
3.9237134,2.8289042,4.07278,2.7488868
3.9257174,2.8433266,4.1191783,2.7692513
3.9278722,2.8555737,4.246301,2.8362646
3.9295225,2.8669279,4.156395,2.771582
3.9327435,2.8811753,4.181144,2.762298
3.9353817,2.8928382,4.1466236,2.7796435
3.9382029,2.9045115,4.1028557,2.766478
3.9388604,2.9067307,3.9872017,2.7475731
3.9462445,2.9323735,3.9509606,2.7837281
3.9506145,2.9462428,3.8388138,2.7859197
3.9546783,2.957591,3.7053618,2.677294
3.9601393,2.9708364,3.7775154,2.7977347
3.9650967,2.981881,3.8363276,2.8575578
3.97097,2.9948282,3.8980734,2.8508515
3.9770012,3.007845,3.9181585,2.7906764
3.982282,3.0186567,4.0280676,2.8986053
3.9891047,3.0312228,4.0505753,2.9461782
3.9949427,3.041878,3.9977686,2.9380338
4.002103,3.0543714,3.9518,2.9423697
4.0085835,3.0646315,3.841846,2.8548057
4.01644,3.0769048,3.8206055,2.8779702
4.024781,3.0888228,3.8994617,2.9146235
4.0318785,3.0986865,3.9264743,2.8850052
4.040517,3.1101515,4.0111136,2.9573555
4.047952,3.1195495,3.9213011,2.842391
4.057326,3.1308112,3.929359,2.9156504
4.0653343,3.1401,3.9078023,2.8392096
4.0752716,3.150978,3.9662669,2.8821213
4.0854845,3.1615329,3.9257538,2.8059676
4.0940127,3.170103,4.032922,2.89177
4.1042523,3.1800992,3.9646137,2.8260765
4.113114,3.1883032,4.0585318,2.917014
4.1238747,3.1976779,4.0888906,2.9694848
4.1330943,3.2053764,4.060128,2.9821198
4.144467,3.2143679,4.1123056,2.9997036
4.154017,3.2216797,4.139265,3.0382922
4.1658072,3.2301643,4.166736,3.0226247
4.1757126,3.2369792,4.167075,3.04938
4.1817937,3.240983,4.084908,2.98663
4.1981063,3.2514682,4.0498843,2.9706974
4.2107344,3.2589226,4.0954323,2.9911273
4.2217345,3.2646976,4.146614,3.053909
4.2322655,3.2704225,4.154668,3.065116
4.245125,3.2774527,4.139965,3.1063163
4.258452,3.2837472,4.100877,3.0560434
4.2720995,3.2897794,4.1649485,3.132243
4.283221,3.2944553,4.1029367,3.079944
4.2970243,3.2998974,4.255452,3.191227
4.3106575,3.3047035,4.246488,3.1267822
4.322281,3.3086596,4.2765245,3.1725972
4.3362293,3.3130622,4.3636875,3.209428
4.3502126,3.3174164,4.448117,3.2846365
4.3643417,3.320972,4.4820375,3.2758102
4.378763,3.3241756,4.4641976,3.2955744
4.3938246,3.3269625,4.4511714,3.27326
4.4071174,3.329126,4.4394674,3.2408195
4.424775,3.3315504,4.4124956,3.227886
4.4401116,3.3337073,4.442484,3.2408042
4.45565,3.3358786,4.288466,3.206022
4.477611,3.3389378,4.3662148,3.2783608
4.4942045,3.3412664,4.3995533,3.2500637
4.5128503,3.3444283,4.4423532,3.3159175
4.5287123,3.3469594,4.5753098,3.3645656
4.5470047,3.3501718,4.610868,3.3826551
4.561878,3.3526804,4.640026,3.4202974
4.579362,3.3556232,4.6013536,3.3529978
4.5938406,3.357998,4.6006684,3.33744
4.6110563,3.3609931,4.503038,3.2443445
4.619766,3.3623326,4.482892,3.2058437
4.6424584,3.3658197,4.576288,3.2113059
4.6590643,3.3682387,4.465924,3.1679966
4.6726108,3.3702755,4.5564303,3.2042832
4.6833925,3.371917,4.6221056,3.2513745
4.70512,3.3754334,4.7032323,3.2972538
4.7212086,3.377851,4.541917,3.2484126
4.7345004,3.3795805,4.72105,3.2893128
4.7506585,3.3821049,4.706694,3.2796314
4.7642775,3.3842704,4.7074194,3.3011873
4.7807846,3.3868387,4.7402134,3.3329802
4.7970285,3.3893754,4.6876516,3.2003212
4.81318,3.3920038,4.8589253,3.2414472
4.829731,3.394638,4.7797523,3.185947
4.846062,3.3972669,4.808941,3.2018924
4.862476,3.4001658,4.8223696,3.2082942
4.8761125,3.4024458,4.7962646,3.225878
4.892374,3.4052606,4.8781657,3.2900012
4.90865,3.4080229,4.93199,3.352381
4.922102,3.410374,4.836359,3.257573
4.9386864,3.413192,4.8921285,3.247809
4.955029,3.4160075,4.900036,3.2157888
4.9687104,3.4183698,4.86912,3.2326543
4.9822125,3.4207838,4.955687,3.1728442
4.9985275,3.4237256,5.0322804,3.2417552
5.0125227,3.4261334,5.088499,3.282327
5.0287647,3.429152,5.151766,3.2581432
5.042319,3.431412,4.991016,3.2214913
5.05335,3.433407,5.040745,3.2501912
5.069958,3.4364722,5.1155596,3.230542
5.086288,3.4393592,5.090658,3.2778394
5.09173,3.4403749,5.1051044,3.231046
5.116512,3.4446807,5.071476,3.3219576
5.133166,3.4481761,5.148324,3.4151688
5.146908,3.4509842,4.97178,3.3411648
5.1605268,3.4539309,5.0831656,3.3363926
5.1769805,3.457007,5.015739,3.3200595
5.1935186,3.460237,5.1188154,3.3657625
5.2070036,3.4627979,5.1280246,3.3071663
5.2218895,3.4664476,5.1139956,3.295468
5.2339206,3.4693317,5.127459,3.3076193
5.2508793,3.4728272,5.174865,3.293627
5.265097,3.4753952,5.174709,3.2701657
5.2769704,3.4771395,5.1816297,3.3015485
5.291065,3.4788187,5.142472,3.3129983
5.303077,3.4798634,5.2231507,3.3207724
5.317237,3.4809513,5.2396584,3.3677049
5.331466,3.4816308,5.2794657,3.452625
5.3434763,3.4818828,5.211407,3.4788384
5.3579373,3.4819694,5.2216654,3.4867094
5.3701053,3.4817421,5.163133,3.3911803
5.384495,3.481048,5.199319,3.3705907
5.396479,3.480461,5.2373075,3.3613012
5.410925,3.479371,5.281877,3.496775
5.425153,3.4779482,5.191817,3.504596
5.439473,3.476049,5.264525,3.5278137
5.4516406,3.4740274,5.192905,3.5997999
5.4658628,3.4714491,5.225427,3.5835364
5.47758,3.4689429,5.148219,3.5102212
5.491622,3.465468,5.216859,3.4266045
5.5034194,3.4624846,5.2566805,3.4523394
5.5150666,3.4592183,5.327233,3.4344335
5.5312586,3.4539976,5.413932,3.3881087
5.5448213,3.4493647,5.425051,3.42676
5.5582905,3.444367,5.428473,3.443412
5.571894,3.4389699,5.4388947,3.4848027
5.5828485,3.4342074,5.434736,3.4494843
5.596299,3.428157,5.56926,3.4350266
5.607365,3.4228983,5.583837,3.3389094
5.6205215,3.416234,5.6097937,3.3624363
5.6334877,3.4091578,5.635805,3.4037514
5.6440883,3.4031148,5.610075,3.3687098
5.656896,3.395618,5.5813932,3.33556
5.669459,3.3879733,5.640685,3.3629365
5.6795564,3.3813336,5.6727085,3.3263834
5.689769,3.3741727,5.653832,3.2374072
5.699608,3.366959,5.717459,3.2126627
5.7114635,3.3580499,5.7229967,3.2395554
5.7210035,3.3501165,5.75123,3.2652392
5.7321434,3.3404715,5.7479606,3.3100305
5.7428646,3.329837,5.7780566,3.2662616
5.7533383,3.319169,5.783056,3.2986517
5.761704,3.30995,5.7221327,3.2832944
5.771772,3.299266,5.7083664,3.2739894
5.780117,3.2902572,5.8043027,3.2798076
5.789742,3.2793186,5.7570744,3.372286
5.7992225,3.2680442,5.8136497,3.3933024
5.8069053,3.2584302,5.82201,3.3661988
5.8159785,3.2465122,5.8733506,3.319261
5.823676,3.2366674,5.907625,3.3346252
5.8324227,3.2243621,5.89687,3.2004056
5.8405724,3.2119138,5.930943,3.2215514
5.844694,3.2056901,5.944486,3.1530304
5.853895,3.1887763,5.9214883,3.1797743
5.861275,3.175864,6.0073037,3.1801739
5.8672547,3.165007,6.009331,3.2649834
5.8735175,3.1517851,5.966655,3.2375731
5.879445,3.138436,5.8752284,3.2675762
5.8843007,3.1273274,5.8503685,3.2658362
5.890278,3.1113198,5.9085875,3.266483
5.894911,3.0997198,5.9039683,3.324778
5.899985,3.0847354,5.95825,3.2877045
5.9050217,3.0693018,6.0070267,3.302971
5.9092875,3.0548253,6.0523252,3.3958323
5.9142756,3.0372498,6.0284886,3.3457782
5.9195247,3.0187998,6.0609045,3.3126066
5.9243584,3.003285,6.075253,3.1422055
5.929969,2.9855452,6.095769,3.0188
5.935877,2.9677308,6.004593,3.0195472
5.9415617,2.9502366,5.986241,2.9480443
5.945977,2.936076,5.9931827,2.8784773
5.9514675,2.9194908,5.9883037,2.9416163
5.955857,2.9056537,6.0542207,2.9487474
5.961026,2.8887835,6.0779934,2.971844
5.965107,2.8749518,6.1569257,3.0236983
5.970193,2.8582253,6.0918107,3.0275466
5.9746456,2.8443952,6.065521,2.952879
5.979671,2.827607,6.050395,2.9555879
5.9841623,2.8140147,6.0697293,3.0111628
5.9890404,2.7980337,6.0573826,3.005568
5.9931417,2.7849944,6.0183487,3.0158122
5.997276,2.7721002,6.0242786,2.9701004
6.0020547,2.756321,6.0032687,2.955167
6.006591,2.7406206,6.029224,2.9459903
6.0103965,2.7273097,5.942998,2.943574
6.0136294,2.7166033,5.965075,2.9090588
6.0202026,2.695367,5.948481,2.9173787
6.0244064,2.68191,5.9420776,2.947748
6.0292573,2.6659172,5.979517,2.977191
6.0342546,2.6500607,5.9738603,3.007111
6.0384064,2.6367915,5.8876004,2.9292417
6.0437813,2.6209295,5.9148574,2.8454938
6.0484815,2.6048748,5.9564757,2.811831
6.052775,2.5913372,5.878018,2.836871
6.0575337,2.5755177,5.8893642,2.7931914
6.061676,2.5621617,5.8280053,2.7550304
6.066531,2.5464747,5.8093863,2.7602487
6.070505,2.5331862,5.7439237,2.691644
6.0757194,2.5175111,5.786407,2.7091641
6.080718,2.5017035,5.8175406,2.7418776
6.085103,2.4884274,5.835247,2.8103545
6.089956,2.4726954,5.909704,2.8489134
6.0941005,2.4595408,5.861315,2.7721112
6.099023,2.443922,5.9194436,2.7381375
6.1044607,2.4281347,5.8924394,2.776858
6.1095724,2.4123945,5.979224,2.6858363
6.11399,2.3991756,5.910969,2.6553419
6.1184306,2.385962,5.90168,2.6714935
6.123025,2.372829,5.912325,2.7170057
6.128495,2.3568723,5.875739,2.7352407
6.1331096,2.343823,5.9047885,2.7010298
6.138737,2.3282642,5.932807,2.659603
6.1427016,2.3150167,5.9821596,2.6686718
6.1467643,2.3043706,5.99727,2.5811458
6.153095,2.285869,5.9457345,2.5586193
6.158446,2.2702081,6.0113363,2.5006123
6.1630683,2.257227,6.0505886,2.4791176
6.1675596,2.2417796,6.0699606,2.3742852
6.172206,2.2288933,6.019015,2.4264243
6.177618,2.2131865,6.027841,2.4326837
6.18311,2.1998365,6.0220633,2.4879282
6.1885786,2.1840832,6.0298724,2.4221942
6.192483,2.173643,6.00958,2.5164359
6.198653,2.155266,6.0049634,2.4854405
6.204407,2.1397758,6.0297065,2.440403
6.2091217,2.1269174,6.0621305,2.4044747
6.214428,2.1116266,6.1041126,2.4453273
6.218428,2.0988712,6.0796847,2.3728878
6.2238684,2.084563,6.0897574,2.3196132
6.230534,2.0684104,6.0573378,2.276082
6.235531,2.0546865,5.986249,2.2623088
6.2394876,2.043481,6.0259004,2.2743979
6.2438736,2.0297918,6.0683174,2.2480273
6.2473135,2.018373,6.096746,2.1873107
6.250874,2.0046818,6.111163,2.2280161
6.253695,1.9930986,6.117577,2.2567658
6.256565,1.9813017,6.1270785,2.2193148
6.2589993,1.9670129,6.0894575,2.2247827
6.260798,1.9549663,6.08024,2.1834295
6.26251,1.9402839,6.0646114,2.059348
6.263692,1.92807,6.0460253,2.0595305
6.265133,1.9133961,6.090702,2.1028662
6.265561,1.9011787,6.0980597,2.0789375
6.2662005,1.8863764,6.114829,1.9743658
6.265968,1.8758914,6.074954,1.9927628
6.2652864,1.8564607,6.119861,1.9729601
6.2646003,1.8380696,6.1588764,2.0866814
6.264028,1.8224282,6.119484,2.1465974
6.2635503,1.8039284,6.042428,2.0365937
6.2630196,1.7850034,6.03056,1.9548415
6.2625713,1.765421,5.99763,1.9187635
6.262747,1.7495724,6.027087,2.0051363
6.262651,1.7305238,5.9909015,1.8709042
6.2622223,1.7152503,6.0571384,1.8287679
6.2623186,1.6973763,6.0570054,1.72723
6.2615256,1.6800387,6.0628586,1.6719595
6.261142,1.6654562,6.013357,1.7311639
6.2606263,1.6476884,6.021079,1.7314721
6.260527,1.6303279,6.016459,1.5187721
6.260227,1.6134963,5.940194,1.4803832
6.2595077,1.5966682,6.017954,1.5299411
6.259463,1.5826168,5.9852843,1.5883551
6.258943,1.5687586,6.015202,1.523327
6.258526,1.5521591,6.0106006,1.5527369
6.2578745,1.5383304,6.002984,1.4928943
6.2574577,1.5219887,6.018256,1.4423482
6.2570963,1.5082214,6.043998,1.4788406
6.2561226,1.4917165,6.077594,1.4413754
6.2559853,1.4781115,6.116613,1.4083239
6.2553496,1.4617599,6.121058,1.3574371
6.2550044,1.4480513,6.159541,1.3562047
6.25435,1.4313631,6.1673164,1.3546387
6.254079,1.4150705,6.1156397,1.3288598
6.2535915,1.3985405,6.1582985,1.4136832
6.2532043,1.3849429,6.1943283,1.4780918
6.253107,1.3768704,6.184678,1.4579203
6.2524905,1.3519925,6.211642,1.4513614
6.2521496,1.3381989,6.1475635,1.4432174
6.2525234,1.3216598,6.121307,1.4025486
6.25213,1.3051828,6.139109,1.4007789
6.2518773,1.2913679,6.150088,1.4411509
6.2516184,1.2745442,6.1247687,1.4518218
6.2514277,1.2578048,6.0959315,1.4747154
6.2510476,1.241196,6.1410985,1.4476708
6.2509155,1.2276435,6.123491,1.4297041
6.251351,1.2135655,6.123072,1.4690382
6.251134,1.1968865,6.1309595,1.508402
6.2510653,1.1828719,6.0396013,1.4568428
6.2507844,1.1664451,6.110925,1.3646034
6.2509575,1.1527284,6.0987024,1.45471
6.250891,1.135899,6.134062,1.4153074
6.2509656,1.1221315,6.1392817,1.3047203
6.2511277,1.1055559,6.1293116,1.1971918
6.250884,1.0915688,6.109045,1.1738675
6.25123,1.0758791,6.1439433,1.1599436
6.251215,1.0661017,6.2005496,1.1730621
6.2513766,1.0582415,6.137623,1.224877
6.2513947,1.0549157,6.117334,1.13867
6.251387,1.0549232,6.134692,1.1683253
6.251445,1.0565608,6.131047,1.0729518
6.2514706,1.0581093,6.1887584,1.1404594
6.2511744,1.0588373,6.170072,1.1291705
6.2515426,1.0588241,6.1219993,1.1181148
6.251347,1.0587155,6.221282,1.1133671
6.2514143,1.0586203,6.184855,1.0304393
6.25138,1.0586414,6.172078,1.0418932
6.2514286,1.0586724,6.1449914,1.0079871
6.2513704,1.0586466,6.175556,1.0755161
6.2515254,1.0586131,6.162772,0.9943964
6.251338,1.0586025,6.1249065,1.030348
6.2515516,1.0586008,6.0967813,1.1078954
6.251424,1.0586252,6.1107483,1.0345639
6.251408,1.0586461,6.1009955,0.9437022
6.2514358,1.058671,6.0934625,0.9480261
6.251367,1.058673,6.0935974,0.90110904
6.2514143,1.0586534,6.1511774,0.88801354
6.2513723,1.0586377,6.255896,0.930144
6.2513385,1.0586617,6.2193527,0.86785954
6.2514095,1.0570402,6.2871513,0.86926305
6.251345,1.0527743,6.2668777,0.8278559
6.251424,1.0457718,6.2033362,0.78076655
6.2514877,1.0388535,6.155252,0.8922328
6.2514415,1.0319299,6.1152115,0.9777486
6.2514296,1.0254533,6.115832,0.8850381
6.251476,1.018876,6.0586743,0.9244365
6.251931,1.012925,6.135508,0.8913265
6.2520995,1.0065899,6.145056,0.95516795
6.252097,0.9988811,6.1672277,0.8901203
6.252075,0.99094063,6.1885924,0.9569226
6.2520847,0.9843934,6.1274276,0.9160807
6.2520766,0.97659075,6.153572,0.92403966
6.25224,0.9692614,6.143065,0.8806496
6.2521553,0.9618823,6.1180997,0.9253755
6.252368,0.9558929,6.1206408,0.9286775
6.252463,0.9486702,6.1135473,0.86556435
6.2524586,0.9424697,6.181931,0.908329
6.2524476,0.9387308,6.163755,0.9157292
6.2526526,0.928819,6.0918994,0.98314357
6.253245,0.9211337,6.084689,0.91911155
6.2536454,0.9144686,6.0505915,0.9908787
6.254204,0.90622914,6.0349455,0.9647598
6.254593,0.8991906,6.0770807,0.9291176
6.254482,0.895056,6.0528526,0.9087135
6.254417,0.88041544,6.101824,0.8576495
6.2539816,0.8733509,6.089745,0.8199816
6.253427,0.8645976,6.0966587,0.8027428
6.252743,0.85597503,6.0622277,0.6928003
6.252157,0.84870636,6.1013885,0.7421385
6.251202,0.8399397,6.0977306,0.8449334
6.2503376,0.8327045,6.0648685,0.85246634
6.2492323,0.8240666,6.08629,0.8746906
6.247863,0.81690973,6.115387,0.8529885
6.24626,0.8084906,6.1458645,0.89578205
6.2445784,0.7995281,6.1533637,0.9126176
6.2429566,0.79172033,6.12975,0.95667684
6.2408366,0.7820706,6.126342,0.95652765
6.23879,0.77397424,6.1766224,0.8288945
6.237279,0.76734465,6.1365013,0.8085644
6.234604,0.7555839,6.1292744,0.80073947
6.2317996,0.74664736,6.151596,0.82015413
6.2282634,0.73538357,6.1388216,0.84477895
6.2251925,0.7258308,6.122702,0.7604342
6.2216096,0.7163677,6.141879,0.7265291
6.2171936,0.7046052,6.1351132,0.74067235
6.211958,0.6945989,6.143233,0.6938956
6.2076206,0.68628573,6.111583,0.7223059
6.2020993,0.6758883,6.1140914,0.6872027
6.1964154,0.66516125,6.1027236,0.6663377
6.186037,0.6465521,6.0750136,0.6036838
6.178869,0.6344286,6.0501137,0.60948694
6.17256,0.6243521,6.1073904,0.6444398
6.1658816,0.61433125,6.056285,0.6495354
6.1574054,0.6024531,6.11504,0.6628716
6.150281,0.592805,6.1076403,0.66940105
6.142479,0.5817189,6.15048,0.6617404
6.138091,0.5760931,6.072925,0.6224878
6.125179,0.561288,6.1187134,0.60242414
6.1173873,0.55263484,6.0798635,0.61825716
6.107824,0.5422939,6.1322446,0.6524209
6.1044445,0.5387175,6.0915055,0.6154598
6.0890565,0.52291787,6.1250157,0.669485
6.0790577,0.5131146,6.0425057,0.5944946
6.069661,0.5050174,6.0660825,0.6463847
6.060887,0.49741817,6.0779357,0.63890624
6.0498815,0.48835576,6.0828385,0.6397288
6.0388737,0.48054338,6.1166115,0.55602133
6.0311456,0.4739616,6.085131,0.5392666
6.0192256,0.46546614,6.142187,0.53258574
6.0074506,0.45763028,6.121069,0.5271301
5.9974427,0.45096922,6.1223454,0.5313275
5.985009,0.44334233,6.0850334,0.5153725
5.974636,0.43733203,6.0777025,0.413175
5.961811,0.4306426,6.0196743,0.4578128
5.948835,0.42398548,6.0477443,0.49653518
5.938195,0.4188894,5.987333,0.4913906
5.927125,0.41384697,5.9793963,0.48333514
5.918327,0.4099158,6.0100718,0.47174335
5.902752,0.40373445,5.98057,0.46676373
5.8944383,0.40026188,5.967015,0.5043616
5.875632,0.39324248,5.907255,0.48916733
5.8617625,0.3888508,5.8643537,0.48019218
5.8527603,0.38614047,5.892579,0.47784317
5.836342,0.3816172,5.8866034,0.5019051
5.8244247,0.37864065,5.8254504,0.45717764
5.812739,0.37608218,5.81492,0.5077354
5.7981987,0.37306035,5.7856464,0.4693836
5.786742,0.37135231,5.793524,0.47735262
5.7719026,0.36887014,5.7257752,0.44969404
5.7575326,0.3672192,5.7329297,0.4654014
5.745275,0.36579978,5.7138886,0.45087957
5.7334156,0.3644787,5.6910896,0.4527713
5.716809,0.36365676,5.681011,0.40023804
5.702378,0.36319494,5.6533117,0.38959515
5.6902833,0.36313963,5.660667,0.40071964
5.675911,0.36350858,5.717908,0.44679105
5.6639414,0.36410022,5.6275992,0.40610456
5.649339,0.36497045,5.618382,0.40151346
5.6351166,0.3662938,5.6429105,0.42016828
5.6206794,0.36777902,5.6246796,0.39804697
5.6085525,0.36924803,5.6184115,0.44516313
5.5944,0.37163532,5.625842,0.38341022
5.580137,0.37452352,5.6440005,0.45945156
5.5682507,0.37735343,5.7092614,0.46080446
5.5540824,0.38092697,5.6627975,0.48950028
5.542428,0.3837911,5.6693554,0.4859718
5.5282183,0.38775563,5.7120357,0.4423436
5.5165105,0.3914491,5.644538,0.47661626
5.501824,0.39588964,5.6383004,0.42875957
5.4881587,0.40094626,5.5538654,0.43518484
5.485876,0.40177798,5.5921054,0.4463619
5.462711,0.4107988,5.559557,0.42494655
5.449036,0.41665363,5.53795,0.42316043
5.4357953,0.42304277,5.4809117,0.437706
5.42475,0.42867815,5.5042133,0.38923895
5.4118085,0.43568707,5.4358544,0.40965283
5.399244,0.44295096,5.4117494,0.37626565
5.3867373,0.4505067,5.3967457,0.40247166
5.376601,0.4570707,5.353699,0.37422025
5.3647175,0.4649973,5.3957615,0.36147344
5.3549004,0.47204602,5.3508973,0.3370905
5.34339,0.48061383,5.396052,0.3756597
5.334105,0.4881525,5.353219,0.33687103
5.322839,0.49734104,5.288064,0.32733095
5.3134737,0.505195,5.3091702,0.3718735
5.306425,0.51181173,5.2958937,0.37115562
5.2947526,0.5234406,5.306495,0.36659563
5.2867303,0.53200734,5.3292394,0.36629224
5.276426,0.542236,5.2665634,0.34410453
5.2663665,0.5529007,5.271118,0.3506322
5.2583585,0.5620904,5.2742057,0.37248993
5.2490854,0.5732999,5.3186593,0.3654698
5.238943,0.5870484,5.2737403,0.4141817
5.231837,0.5971018,5.291064,0.37200582
5.2234535,0.60939336,5.250302,0.37069714
5.2167726,0.6196079,5.227655,0.3609469
5.2090487,0.6319754,5.2103825,0.3463906
5.201575,0.64444566,5.175636,0.33982015
5.1958737,0.6551634,5.1038485,0.31331325
5.18843,0.6693038,5.1375704,0.3558085
5.1846795,0.6764288,5.125613,0.34605718
5.1725154,0.70099974,5.133299,0.3526156
5.165704,0.71518815,5.0589194,0.34079945
5.157601,0.73191416,5.0883183,0.34779978
5.150692,0.746241,5.067184,0.33774114
5.1421437,0.7637214,5.1664605,0.38636315
5.133569,0.78041106,5.108162,0.36447263
5.126443,0.79433364,5.1832757,0.40306473
5.1195097,0.8077593,5.1628265,0.43169713
5.1112185,0.8234389,5.145784,0.40067065
5.1031094,0.8391084,5.1341395,0.40308714
5.0969605,0.85226023,5.0992618,0.43130636
5.0909986,0.86475855,5.129331,0.5024971
5.085839,0.8764197,5.091046,0.4831015
5.0801506,0.88969743,5.114514,0.46367335
5.073558,0.9026865,5.1596003,0.45148122
5.067857,0.9131528,5.0540566,0.49938464
5.0601287,0.92515665,4.9954934,0.5064254
5.054006,0.9349206,5.0480323,0.5056535
5.04729,0.9443274,5.081601,0.5793079
5.0389934,0.9554041,5.1292796,0.60095656
5.0305185,0.9663833,5.1074257,0.5818107
5.021929,0.9771479,5.0882535,0.557937
5.014677,0.98589617,5.1408916,0.6097243
5.0053573,0.99592596,5.1665516,0.66205835
4.997239,1.0040262,5.210008,0.6125022
4.9887347,1.0117731,5.1669836,0.60557425
4.978641,1.0212028,5.1184616,0.6107464
4.9698887,1.0289677,5.134183,0.58517337
4.9593363,1.0378808,5.1238194,0.5824144
4.9503813,1.0455316,5.043385,0.59040666
4.941072,1.0527846,5.0858254,0.65841424
4.929867,1.0612339,5.110545,0.62154007
4.9184384,1.0689236,5.1200876,0.6824001
4.909048,1.0747975,5.188247,0.71204066
4.897032,1.0819701,5.173045,0.81300306
4.886947,1.087975,5.1471844,0.87128466
4.878869,1.0924981,5.254917,0.8733759
4.862393,1.1009834,5.2755566,0.9120766
4.8518834,1.1059221,5.260843,0.9927564
4.839279,1.111518,5.2219915,1.0108463
4.8264046,1.116815,5.182196,1.0188504
4.813513,1.1215696,5.2007885,1.0804329
4.80274,1.1252995,5.174835,1.0513817
4.791922,1.1288778,5.1392508,1.0800221
4.778709,1.1327132,5.1341968,1.0306084
4.7652817,1.1362989,5.1082196,1.0351664
4.7540445,1.1388452,5.0733232,1.0625619
4.7404456,1.1416304,5.0536246,1.0928934
4.7289767,1.1436598,5.0716295,1.0283736
4.715259,1.1458132,5.017288,1.051805
4.7016397,1.1475917,4.9834466,1.0636448
4.6882477,1.149002,5.019197,1.0393889
4.6745687,1.1496868,4.990529,1.0654029
4.6606665,1.150392,5.058974,1.1265694
4.6466675,1.1504942,5.0001125,1.1416727
4.6351995,1.150174,5.0247254,1.179802
4.6214004,1.149511,5.0081906,1.1952717
4.608009,1.1486765,5.0058246,1.2019702
4.5965343,1.1475663,4.983059,1.1817201
4.5852633,1.146393,4.935914,1.1733162
4.5712686,1.1442748,4.874544,1.2158675
4.564716,1.143212,4.8602843,1.2188299
4.546007,1.1392896,4.821134,1.1688341
4.532396,1.1360446,4.875905,1.1752794
4.5212674,1.1331296,4.826743,1.1560205
4.507874,1.1291593,4.861969,1.12149
4.4947176,1.1249181,4.8799562,1.1358986
4.4838133,1.1212251,4.844986,1.2171478
4.470966,1.1165742,4.8213034,1.2253895
4.460092,1.1119629,4.830158,1.2366925
4.446337,1.1056651,4.7772,1.2219831
4.433634,1.0995519,4.8294697,1.2704786
4.4172235,1.091809,4.8029323,1.217786
4.4041286,1.0852833,4.6949143,1.1939894
4.390138,1.0785018,4.8232374,1.188904
4.373475,1.0703493,4.8221188,1.2135973
4.35671,1.062338,4.7045555,1.2577822
4.3421817,1.0555565,4.601427,1.2326936
4.325271,1.0479658,4.631609,1.2148054
4.3106513,1.0413443,4.658631,1.1571386
4.297727,1.0361083,4.6095657,1.1783639
4.2831078,1.0305995,4.563018,1.1366554
4.2680216,1.0254683,4.537007,1.1470586
4.253483,1.0208257,4.428394,1.0933473
4.243713,1.0179107,4.529298,1.0452533
4.2266445,1.0133965,4.539353,1.1064712
4.212041,1.0100641,4.48952,1.1347988
4.199963,1.0075548,4.4829936,1.1245277
4.187757,1.00547,4.453196,1.1136456
4.1734114,1.0030698,4.4871583,1.1018527
4.161248,1.0014044,4.4971128,1.1102635
4.1468315,0.99981916,4.4922423,1.1563112
4.1393933,0.9990672,4.5111027,1.1425896
4.1201386,0.99789375,4.4862633,1.1590326
4.1079745,0.9972809,4.452436,1.1933135
4.096141,0.9969256,4.347717,1.1256789
4.081252,0.99693394,4.2109857,1.1277128
4.069121,0.99727273,4.251904,1.2016945
4.0545063,0.9980285,4.242205,1.2417563
4.0399723,0.99889886,4.2976665,1.3043956
4.0277767,0.99994844,4.2189403,1.333261
4.0132017,1.0016122,4.166113,1.3039056
4.0010824,1.0032533,4.276118,1.2887353
3.986635,1.0054471,4.160905,1.3080175
3.9747326,1.0077432,4.104432,1.2542175
3.960475,1.0108045,4.1416354,1.2791573
3.9487922,1.0137368,4.1811576,1.277402
3.9345355,1.0172639,4.1085434,1.2808546
3.9228334,1.0205165,4.0987134,1.3234323
3.90892,1.0248746,4.088244,1.3311689
3.8951175,1.0297141,4.0867224,1.1955959
3.8814054,1.0346924,4.1466,1.2808609
3.8702006,1.0391355,4.155494,1.2312349
3.8567452,1.0448098,4.1556077,1.2191093
3.845655,1.0496868,4.081089,1.2067809
3.8319225,1.0559822,4.0276294,1.1747111
3.8207898,1.0616452,4.03243,1.1132922
3.8076756,1.0684581,4.0458198,1.1811064
3.796774,1.0743964,4.0359173,1.1989404
3.7841349,1.081852,4.0071583,1.1960024
3.7736697,1.0884063,4.0066433,1.1981195
3.7614887,1.0963373,4.082759,1.2129633
3.7495625,1.1045349,4.110485,1.2378598
3.7453775,1.1074939,4.152201,1.2786715
3.727859,1.1206412,4.022537,1.2401397
3.718556,1.1282532,3.9254174,1.188042
3.7071877,1.1375881,3.9725347,1.1965183
3.6978288,1.1454439,3.9675138,1.1465985
3.687765,1.1553925,3.9778378,1.179697
3.6773274,1.1655031,4.008699,1.1435281
3.6672287,1.1758353,3.9789736,1.1989974
3.659051,1.1846927,3.9758377,1.1596535
3.6510227,1.193889,3.9626331,1.1841407
3.6432836,1.203147,3.9274318,1.122236
3.6338708,1.2146454,3.8412318,1.1849504
3.6258593,1.2242842,3.8568292,1.0868086
3.6180687,1.2340611,3.8572335,1.085379
3.6097407,1.2460817,3.7599847,1.1224709
3.6013227,1.2583988,3.6910923,1.132131
3.5930529,1.270787,3.72759,1.1303599
3.5868397,1.2812198,3.652373,1.107243
3.5795105,1.2938684,3.7435668,1.1924732
3.5738828,1.3044969,3.68962,1.1764457
3.5682392,1.3153573,3.7271655,1.2169168
3.5615933,1.3285124,3.841737,1.2428321
3.556669,1.3398236,3.7944026,1.3122715
3.5516887,1.3510538,3.6622007,1.2262313
3.5464685,1.364739,3.661552,1.2739204
3.5423093,1.3760625,3.6262927,1.2537738
3.5372467,1.3899497,3.5507603,1.2596262
3.5335274,1.4015508,3.4922996,1.2110486
3.5291178,1.4156013,3.4968383,1.2385668
3.5252492,1.4297752,3.543266,1.2958562
3.522202,1.4415824,3.5361931,1.3061364
3.5204775,1.4487653,3.5592766,1.313019
3.5166283,1.4680473,3.6226783,1.2630153
3.5143929,1.4799936,3.639678,1.2981503
3.5119328,1.4944639,3.6144855,1.3662131
3.510062,1.5090519,3.5660477,1.338592
3.5086713,1.5211339,3.5585027,1.3330737
3.5074985,1.535642,3.5753076,1.4015385
3.506582,1.5476954,3.623331,1.3941203
3.5061805,1.5594993,3.6657088,1.4105003
3.5060983,1.5737448,3.6693966,1.4450017
3.5062172,1.5859123,3.618355,1.3976696
3.5066416,1.600392,3.5954063,1.4688424
3.507382,1.6125133,3.5347652,1.4481738
3.5085428,1.6269664,3.5148892,1.499479
3.5097654,1.6390239,3.5290623,1.4452809
3.5112236,1.6509545,3.645802,1.4717352
3.51327,1.6653348,3.5150967,1.4480594
3.515775,1.67975,3.6031392,1.4870591
3.5185761,1.6940801,3.621251,1.560203
3.521237,1.7060323,3.6544502,1.6237098
3.5246253,1.7202052,3.5956037,1.577334
3.5286388,1.7344738,3.5908654,1.6273847
3.5338814,1.74973,3.5625885,1.6261829
3.5393453,1.766495,3.577393,1.6787804
3.5463755,1.7874452,3.598874,1.6609335
3.5516355,1.8020409,3.5702305,1.6650558
3.5566843,1.8166769,3.529033,1.6595931
3.5636191,1.8381358,3.5904493,1.6605082
3.5702145,1.8564215,3.5096684,1.6974065
3.5749493,1.8712231,3.5087435,1.6865803
3.5807815,1.8885076,3.4993722,1.6826303
3.5817306,1.8913797,3.4914901,1.7497393
3.5906644,1.9196684,3.594737,1.7369363
3.5951421,1.9336053,3.589103,1.7732829
3.600999,1.9501731,3.5939136,1.825671
3.6067073,1.9670036,3.6669416,1.7934263
3.6114051,1.9808235,3.5643358,1.8224957
3.6168702,1.9966213,3.6029525,1.8811531
3.621262,2.0098467,3.6074536,1.8893365
3.625876,2.0230258,3.5657024,1.905425
3.6311204,2.0387812,3.6721272,1.8648989
3.636537,2.054397,3.6626425,1.9170047
3.6407456,2.0674002,3.795185,1.9599208
3.6453872,2.0806181,3.8267276,1.9820262
3.6505318,2.0962107,3.9291298,2.0619009
3.655838,2.11195,4.048622,2.1285977
3.6600056,2.1250017,4.153104,2.1669087
3.6650116,2.1407042,3.9891949,2.1531777
3.670449,2.1561043,4.179002,2.2422237
3.675466,2.17172,4.1372576,2.1982563
3.680713,2.1876621,4.180486,2.2458286
3.6858916,2.2032037,4.042908,2.179237
3.690249,2.2163906,4.0266953,2.1979985
3.695484,2.232043,4.064846,2.2794123
3.7006261,2.2479844,4.0178533,2.3203692
3.7049246,2.2613828,3.894023,2.2377357
3.709719,2.2771873,3.7657623,2.202359
3.7136645,2.2902884,3.6946814,2.0950155
3.7190287,2.3062987,3.8615618,2.1943126
3.7232187,2.3194485,3.9303148,2.2615237
3.7282329,2.3353581,4.1039085,2.4214785
3.7314415,2.345875,4.090651,2.418726
3.7368684,2.364531,4.064936,2.3472788
3.7416391,2.3805299,4.0690603,2.4041054
3.7453983,2.3938954,3.820913,2.2647254
3.7500997,2.4099095,3.8598487,2.3481648
3.7539394,2.4231834,3.7573142,2.2791636
3.758583,2.4391093,3.749622,2.2883651
3.7624743,2.4523547,3.881576,2.3577268
3.7672846,2.4683926,3.900671,2.406257
3.7711384,2.4818535,4.109739,2.5281434
3.7758644,2.4978118,4.124811,2.5412393
3.779733,2.5110986,4.2269125,2.589228
3.7845116,2.5270667,4.1058874,2.4923203
3.7884185,2.5404394,3.8835852,2.3716204
3.7930517,2.5563078,3.833016,2.3299224
3.7968335,2.5696223,3.897194,2.3920057
3.8013673,2.5855029,3.8473794,2.355028
3.805099,2.5988755,3.8515399,2.4097319
3.8096263,2.6149132,3.7634444,2.3538373
3.813274,2.6283295,3.7417543,2.3269951
3.8175094,2.6462545,3.769101,2.376623
3.820465,2.6584136,3.7620375,2.3667576
3.8254092,2.6747224,3.7871418,2.4571533
3.829083,2.6864095,3.7092478,2.3995905
3.8337798,2.7000904,3.7609916,2.4396183
3.8382785,2.711322,3.6716926,2.3939445
3.8437986,2.724521,3.6555543,2.4422073
3.8487368,2.7354589,3.7263205,2.4085014
3.855033,2.7484417,3.8632329,2.5201688
3.860454,2.759166,3.7574396,2.4327
3.8672843,2.771789,3.8293426,2.4567697
3.870525,2.778114,3.877841,2.5368023
3.881127,2.7945974,3.9007473,2.6095018
3.8884437,2.8068914,3.861287,2.6089451
3.8949106,2.8170998,3.8199782,2.5850089
3.9029474,2.828904,3.8533447,2.5711262
3.9099085,2.8384588,3.7895455,2.5550792
3.9175181,2.8478076,3.840637,2.6613324
3.9265497,2.8590088,3.7551148,2.6276224
3.934293,2.8680122,3.7509048,2.6267915
3.9425266,2.877316,3.7465763,2.6744776
3.9536605,2.8886962,3.7181554,2.702338
3.9661844,2.901357,3.8169482,2.7173088
3.9769583,2.9123433,3.865083,2.8295083
3.9879324,2.9235117,3.9605997,2.854246
4.001306,2.9367943,4.0382333,2.8776855
4.014969,2.9505067,3.93466,2.7723913
4.0265245,2.9619896,3.9399068,2.8364832
4.037367,2.9732215,3.9822757,2.8561556
4.0523067,2.9886272,3.9403837,2.8801942
4.064797,3.0014083,3.9473443,2.8936074
4.0749464,3.0118582,3.7773967,2.8037846
4.084974,3.0220761,3.8655977,2.901234
4.0991874,3.0365436,3.8981295,2.8406587
4.1070056,3.0444956,3.9722002,2.9237611
4.1200366,3.058089,3.9821727,2.9995975
4.131023,3.0692298,3.988253,2.9511528
4.139795,3.0779204,4.027777,3.043788
4.150707,3.0882144,4.0006948,3.0043397
4.159774,3.0963247,4.0036974,3.1007323
4.1710296,3.105498,3.9665236,2.969151
4.1805496,3.1129675,3.971156,2.9857543
4.1884003,3.1186934,3.99393,3.104812
4.2022905,3.1285017,3.9515264,3.1292958
4.214321,3.1363857,4.0058603,3.2040913
4.226496,3.1441612,4.0565834,3.168322
4.236936,3.1504233,4.199749,3.2623792
4.2497683,3.1577263,4.2440624,3.2606173
4.2603536,3.1634922,4.2092156,3.2296927
4.271023,3.1691186,4.257902,3.1804295
4.2841167,3.1754262,4.279084,3.1498132
4.2971196,3.1815891,4.2858,3.1438582
4.308512,3.18628,4.1584005,3.0846357
4.321879,3.1919644,4.2288575,3.09198
4.333354,3.196338,4.1463537,3.05121
4.3471756,3.2011955,4.256759,3.0925426
4.361028,3.2057915,4.345183,3.1396904
4.3726134,3.209341,4.19769,3.0281549
4.384121,3.2128224,4.194806,3.01237
4.398146,3.2164717,4.378848,3.096048
4.4122686,3.2197554,4.3806963,3.045725
4.42418,3.2220876,4.32434,3.0149834
4.4385056,3.2245057,4.238991,3.0349462
4.4505625,3.2263155,4.1776776,2.9996228
4.4648657,3.2281628,4.2166204,3.0340238
4.476853,3.229271,4.200351,3.0185406
4.491136,3.2305062,4.228101,3.0529826
4.5056043,3.2314434,4.4387074,3.0713491
4.5177383,3.2320192,4.422773,3.0136874
4.532173,3.2321498,4.418518,3.0523522
4.544213,3.2321153,4.5125833,3.0788927
4.559126,3.2317762,4.5339813,3.072614
4.571054,3.2311754,4.5774856,3.0715883
4.580815,3.2305102,4.567579,3.0956728
4.5984564,3.2287176,4.391875,2.9688473
4.614831,3.2264504,4.4872947,3.0143354
4.633171,3.223841,4.5273423,3.0035157
4.648544,3.2215831,4.5952883,3.0309963
4.6641307,3.219246,4.7323833,3.0734725
4.682745,3.2164967,4.508606,3.0015354
4.698995,3.2142847,4.597825,3.0839994
4.7176085,3.2118514,4.6092772,3.066091
4.7358027,3.209602,4.594422,3.0599084
4.7509036,3.2073267,4.6739,3.0730267
4.768551,3.2048166,4.754388,3.1000092
4.7859263,3.2026262,4.81533,3.1701066
4.80014,3.2005816,4.891935,3.1930025
4.817345,3.1983218,4.8272033,3.1166127
4.831622,3.1964123,4.8158593,3.078116
4.84801,3.1942286,4.809297,3.0926988
4.863358,3.1923752,4.890018,3.0934973
4.8756924,3.190745,4.8729076,3.090181
4.8902907,3.1883006,4.8045473,3.137214
4.904666,3.1853647,4.84148,3.127142
4.9189024,3.182117,4.8320556,3.2205596
4.935106,3.178133,4.8099704,3.239825
4.946787,3.1748433,5.011908,3.2541392
4.960462,3.1707165,4.9429083,3.1902535
4.971766,3.1667824,5.065107,3.2808242
4.9853168,3.161636,5.153533,3.2243037
4.9965086,3.1572664,5.1842856,3.3156092
5.0073066,3.1526465,5.2931905,3.4242797
5.0231953,3.1451597,5.253915,3.4406037
5.035397,3.1391108,5.0805936,3.3620586
5.0405254,3.1363356,5.0075326,3.3054059
5.0650005,3.123792,4.979617,3.28077
5.081725,3.1151493,4.9577203,3.3049445
5.096249,3.1077886,4.969721,3.2435176
5.1142793,3.0986981,4.9250135,3.1758556
5.128595,3.091706,4.9816933,3.159236
5.145448,3.0833108,5.0185046,3.1737492
5.159241,3.0767672,4.904646,3.1293554
5.175755,3.0688255,5.0411916,3.1489298
5.191751,3.0611372,5.0534225,3.1772025
5.2048564,3.0547037,5.161989,3.208867
5.218161,3.0484116,5.054529,3.204361
5.233899,3.0407903,5.098584,3.1850364
5.2496448,3.0330284,5.1504416,3.1224856
5.2626567,3.0264823,5.235969,3.1429687
5.2781568,3.0187042,5.2183995,3.1151721
5.2904696,3.0124369,5.1663527,3.063773
5.3054557,3.004882,5.1537633,2.9854865
5.317545,2.9987586,5.3183103,2.9685688
5.3321915,2.99141,5.2846394,2.9573781
5.342385,2.9860368,5.206082,2.8815398
5.3569713,2.978067,5.210686,2.8787365
5.367765,2.9729316,5.1769867,2.8285677
5.380585,2.9670596,5.1483727,2.8493273
5.3913884,2.9628193,5.2487855,2.9031773
5.404316,2.9581332,5.2782984,2.9475803
5.4158235,2.9545615,5.216734,2.8591669
5.431789,2.9500093,5.3033957,2.8674061
5.4462028,2.9460115,5.368551,2.9498894
5.4606915,2.9422724,5.2693243,2.921671
5.4785037,2.9376354,5.264789,2.9655497
5.484492,2.9362037,5.1665726,2.944388
5.509124,2.9298804,5.2090235,2.9057958
5.5307126,2.9242582,5.2143593,2.9352756
5.5464582,2.9200177,5.2676687,2.8925364
5.5651436,2.9150283,5.335538,2.969561
5.580393,2.9106686,5.420481,3.0190601
5.597031,2.9059196,5.3891935,3.0404456
5.610189,2.9022477,5.2686877,2.9223273
5.6258855,2.8976812,5.260403,2.8993785
5.6378746,2.8935387,5.245114,2.8633437
5.6521573,2.8879774,5.279428,2.9636974
5.666023,2.8820543,5.2576957,2.9180512
5.677423,2.8766441,5.363673,2.9949114
5.690659,2.8700202,5.3679295,2.9962516
5.704578,2.8631473,5.343431,3.0726323
5.715288,2.8573341,5.3354397,3.089635
5.727837,2.8497999,5.342252,3.1041706
5.7380433,2.843282,5.318467,3.0284271
5.7506,2.8352256,5.2653565,2.980436
5.7628775,2.8267787,5.1835756,2.9809587
5.7750998,2.8180845,5.288694,3.030049
5.784905,2.8107426,5.3110275,3.02155
5.796525,2.8017359,5.4040504,2.9412072
5.8062015,2.7939653,5.4128733,2.87981
5.817604,2.7845066,5.3469753,2.8014731
5.8284926,2.7748518,5.4252443,2.7481792
5.837543,2.7667108,5.4912996,2.7400742
5.8480477,2.7566526,5.6525846,2.6968646
5.858044,2.745979,5.8390512,2.6569886
5.866089,2.7369044,5.7717395,2.6266856
5.8739543,2.727681,5.862729,2.5683427
5.883246,2.7162588,5.7964807,2.6504636
5.890925,2.706796,5.70091,2.56936
5.899676,2.6950653,5.689352,2.5691268
5.9066944,2.6853065,5.719704,2.5671892
5.9147425,2.673192,5.801875,2.5586228
5.921106,2.66314,5.8391523,2.564215
5.9260097,2.6549003,5.8552694,2.464753
5.9337044,2.6405919,5.847321,2.5493867
5.939961,2.6300156,5.864702,2.5935423
5.9471407,2.617075,5.7531333,2.5338502
5.9535823,2.6037784,5.794921,2.5929117
5.958728,2.5925133,5.746961,2.5796096
5.963719,2.5813537,5.768803,2.6345434
5.969382,2.567869,5.8224816,2.6113396
5.974708,2.554287,5.8804626,2.6613965
5.9789543,2.542896,5.866101,2.6172502
5.983548,2.5290127,5.849882,2.6191707
5.9875836,2.5148385,5.815654,2.5869322
5.9911823,2.5008647,5.8787436,2.5097728
5.992586,2.4960766,5.8802385,2.4395118
5.9974365,2.4743738,5.8706183,2.427077
6.0002728,2.4599364,5.842548,2.4844577
6.002229,2.4478893,5.8724895,2.373391
6.0045695,2.4333258,5.960177,2.3058977
6.006435,2.417456,5.958233,2.3662357
6.0075707,2.4030976,5.9288106,2.404872
6.0087976,2.3877015,6.010188,2.466442
6.01034,2.3722441,5.8789244,2.3478673
6.011806,2.353401,5.937586,2.29669
6.0128584,2.3374457,5.8997345,2.2222507
6.014522,2.3177392,5.877711,2.2224631
6.0152254,2.3114374,5.849031,2.184897
6.017945,2.2833028,5.8693376,2.2278008
6.0195494,2.2654228,5.8455606,2.246195
6.021559,2.2474456,5.8543572,2.2698143
6.0226994,2.2328598,5.8397408,2.187413
6.0243316,2.2182713,5.812138,2.2573414
6.0254173,2.2007444,5.811667,2.2586024
6.027087,2.1833658,5.8134594,2.197596
6.0283103,2.1692746,5.8946366,2.2118495
6.029818,2.1555822,5.8553514,2.1337776
6.0305767,2.1387894,5.826062,2.1490173
6.0319486,2.121768,5.84514,2.2336707
6.0327873,2.1052277,5.7648573,2.2211115
6.034121,2.0915284,5.753309,2.2534103
6.035762,2.0756986,5.7821226,2.193679
6.0379343,2.0609248,5.7843323,2.1768816
6.039025,2.0490682,5.8820796,2.2988822
6.0397525,2.0347803,5.917407,2.2830007
6.040434,2.0230434,5.9729257,2.210641
6.0403852,2.0111938,5.9911084,2.14546
6.0404816,1.9993443,6.014994,2.1202955
6.040641,1.9850746,5.9818177,2.0691395
6.03966,1.9708698,5.973635,2.1096725
6.0387845,1.9567147,5.865194,2.1001453
6.0378346,1.9449335,5.8933516,2.0422747
6.0360427,1.9306086,5.9115186,2.105452
6.0340214,1.9185399,5.9314466,1.9647151
6.0320616,1.9066367,5.9125113,2.0132403
6.029257,1.8928272,5.913116,2.0493755
6.0258927,1.8788601,5.955426,2.1512024
6.023139,1.8670781,5.9680395,2.1720977
6.0201254,1.857144,5.9015846,2.1263556
6.014125,1.83857,5.917173,2.034976
6.009222,1.8239076,5.943613,2.0232677
6.003242,1.8059022,5.8914185,2.0416977
5.9982758,1.7910575,5.9172335,2.0114706
5.993586,1.7758476,5.951153,1.8777831
5.987759,1.7569573,5.92932,1.7661594
5.9825215,1.739002,5.846595,1.7992967
5.9773707,1.7213767,5.8111815,1.7632558
5.9710565,1.701353,5.8355284,1.7340312
5.9660707,1.6842321,5.8353305,1.7098465
5.9616466,1.6703882,5.811299,1.6960407
5.9565835,1.6537515,5.8829384,1.6959162
5.9513054,1.6372736,5.8072886,1.6825585
5.9469295,1.6233603,5.9287915,1.7489463
5.941494,1.6068727,5.8985972,1.7139518
5.9371696,1.5934904,5.8960495,1.6503209
5.9354706,1.5881857,5.8641148,1.6278527
5.934451,1.5854956,5.903659,1.5949038
5.9224544,1.5490167,5.8745522,1.527299
5.917513,1.5337325,5.9158177,1.5598649
5.91231,1.5180573,5.9315157,1.5882834
5.907779,1.5050322,5.949369,1.5195227
5.9027905,1.4893904,5.899879,1.573604
5.8980117,1.4736615,5.942902,1.5968274
5.8938007,1.460628,5.949355,1.6009678
5.888842,1.4451303,5.9089828,1.5487162
5.8841634,1.4295055,5.9328275,1.5510579
5.8793116,1.414041,5.9912786,1.505715
5.874903,1.4010516,6.0161705,1.5806919
5.872459,1.3932908,5.9525843,1.6177728
5.865853,1.3725561,5.964938,1.5635867
5.861528,1.3593665,5.9694476,1.5870993
5.856486,1.3435059,6.040227,1.69407
5.851552,1.3275629,6.103945,1.6729313
5.8475847,1.3142054,6.0441675,1.6766557
5.843545,1.3008842,5.9621096,1.71255
5.838761,1.2853792,5.9980783,1.8125993
5.8344116,1.2684048,5.946675,1.6830032
5.831355,1.2569014,5.962923,1.6793944
5.8274064,1.2430524,5.9231896,1.6322834
5.8240113,1.2317698,5.930647,1.5102754
5.819347,1.2184193,5.956103,1.5580591
5.815002,1.2075596,5.8940854,1.532653
5.8095894,1.1946076,5.8651247,1.4717661
5.8035655,1.1818128,5.8962398,1.5037317
5.798243,1.1710778,5.8780003,1.4086599
5.7929792,1.1604995,5.9073634,1.4062985
5.7887187,1.1520375,5.870657,1.4111559
5.779541,1.135638,5.9257092,1.4332126
5.7719803,1.1234297,5.8964777,1.3862491
5.7655473,1.1130886,5.869454,1.4468073
5.758863,1.1030302,5.9359837,1.5164762
5.750623,1.0913843,5.9575996,1.4453584
5.742398,1.0799506,5.9037557,1.3882476
5.7351656,1.0705004,5.931171,1.3880454
5.726514,1.0592306,5.9927897,1.3746362
5.7189517,1.0501872,5.9637012,1.3452438
5.709649,1.0394083,5.9781094,1.376898
5.701354,1.0308139,5.8457146,1.3133718
5.6917977,1.0206307,5.863241,1.3544511
5.6794353,1.0091885,5.756288,1.1154892
5.672537,1.0027401,5.7435594,1.2126654
5.6634655,0.99479485,5.787889,1.2006762
5.652521,0.98558724,5.7721457,1.1877865
5.6432204,0.9780246,5.794327,1.1144676
5.633514,0.97058153,5.797942,1.1081126
5.622098,0.96200496,5.716466,0.9553796
5.610159,0.95357955,5.6720695,1.0173912
5.6003428,0.94697464,5.706754,0.9622172
5.588278,0.93939245,5.7586837,0.9926348
5.5756445,0.93191475,5.692212,0.87840813
5.5653005,0.92611086,5.699063,0.88707215
5.552791,0.9192366,5.6653137,0.8278697
5.540869,0.91342276,5.665671,0.85384923
5.5253787,0.9060629,5.6870427,0.7996469
5.5090227,0.8986908,5.6516237,0.7583548
5.4949284,0.89234364,5.6602345,0.8309102
5.47767,0.88458735,5.614473,0.84912723
5.460011,0.876265,5.6014414,0.8440787
5.4423327,0.8676494,5.5671573,0.78354
5.42249,0.8578922,5.5503244,0.8121426
5.4030776,0.8486231,5.6294785,0.8036733
5.3868403,0.84082276,5.556179,0.7987512
5.3686805,0.8318598,5.5413394,0.806529
5.350637,0.8229164,5.530979,0.8151985
5.335076,0.81527746,5.5440407,0.81896406
5.319359,0.80778104,5.5297966,0.8073642
5.306209,0.8015052,5.4990315,0.79712516
5.2929783,0.7952315,5.4834776,0.7545938
5.2750897,0.78675616,5.441112,0.77175575
5.252647,0.7758652,5.4340267,0.7643363
5.245203,0.77222955,5.416589,0.69846344
5.237824,0.7687377,5.4030266,0.76513237
5.218103,0.7593784,5.426597,0.72511303
5.20319,0.75187653,5.414383,0.7521638
5.1905947,0.74597174,5.400682,0.8408913
5.175829,0.73874724,5.3983636,0.8634729
5.163395,0.7327337,5.401148,0.91825485
5.1510563,0.7267331,5.4492006,0.9308126
5.1363053,0.71952105,5.4813023,0.909958
5.123791,0.71363413,5.526296,0.9764285
5.1086373,0.7065866,5.479376,0.96759003
5.093401,0.69945526,5.442868,0.95744795
5.0805655,0.69366324,5.404247,0.8535445
5.0653443,0.68627954,5.3251567,0.91692954
5.0503387,0.67913485,5.334979,0.9367305
5.0375695,0.67313206,5.2967343,0.9461364
5.0222955,0.6656244,5.369815,1.0164587
5.007967,0.6585244,5.350839,1.0077182
4.9954205,0.6524681,5.311838,0.981617
4.978133,0.64389443,5.3051777,0.9379866
4.963041,0.63633466,5.303412,0.9321747
4.9479313,0.62876284,5.2855186,0.91690606
4.9280567,0.6189951,5.228005,0.8358697
4.9108896,0.6105348,5.2375364,0.7894081
4.896299,0.60309696,5.193086,0.7487844
4.8837485,0.5969113,5.1483564,0.7242292
4.8702116,0.5897434,5.082711,0.69699645
4.859247,0.583956,5.1285167,0.6888653
4.8460703,0.57729495,5.174214,0.6811669
4.8395367,0.57428026,5.1874204,0.6574837
4.8236694,0.5672755,5.1695347,0.59721243
4.810596,0.56200767,5.1146865,0.6138698
4.7996397,0.55814636,5.076361,0.61681974
4.786107,0.5534675,5.0884066,0.6133126
4.7723546,0.5491557,5.0345907,0.57005966
4.760726,0.54580903,5.0033393,0.5463394
4.74389,0.54197466,4.943057,0.53527975
4.7302184,0.53901505,4.902188,0.49999523
4.7158823,0.5361029,4.8888326,0.49931455
4.697307,0.53223896,4.963481,0.52514744
4.68189,0.5289067,4.976868,0.5042542
4.66361,0.5250206,4.9413023,0.5429275
4.6476145,0.5215535,4.9174485,0.52095187
4.629308,0.5173452,4.877998,0.5239639
4.614096,0.5139426,4.8614173,0.62605965
4.596338,0.5097183,4.7462964,0.5735575
4.5789595,0.5057895,4.750754,0.59805787
4.5645504,0.5022268,4.7197995,0.62841535
4.5469637,0.49845576,4.6166315,0.553352
4.530044,0.49472392,4.6262155,0.50433135
4.513159,0.49112046,4.6136994,0.5288209
4.496239,0.4875033,4.619736,0.54828167
4.479271,0.48378348,4.6395116,0.53836906
4.4656086,0.48088503,4.6309295,0.5777694
4.4520273,0.47812688,4.5887666,0.5305799
4.4358115,0.47473013,4.6189833,0.66073906
4.4223223,0.47189343,4.5505304,0.6032082
4.4059925,0.46847415,4.7078223,0.7420528
4.3926244,0.46555352,4.7464743,0.785474
4.378887,0.46262574,4.7336316,0.7711818
4.368315,0.46029174,4.778353,0.73972636
4.3461556,0.4553777,4.635609,0.7229848
4.3303957,0.45197248,4.6138744,0.65162957
4.3166,0.4490286,4.5845146,0.6546378
4.3004203,0.44531512,4.453324,0.613274
4.287045,0.44215882,4.453456,0.52239454
4.268085,0.4378035,4.33939,0.5313302
4.254644,0.43487215,4.326253,0.45204782
4.2380733,0.43128633,4.281719,0.45943475
4.2217464,0.4275819,4.2499413,0.4552647
4.208348,0.42453146,4.220074,0.41785502
4.1923504,0.4209367,4.3052864,0.44699955
4.176282,0.4172269,4.363323,0.44485772
4.163039,0.4144572,4.356772,0.4633081
4.147585,0.41077864,4.300964,0.4583118
4.135209,0.40733635,4.2319636,0.41941476
4.121182,0.40371454,4.2104883,0.4502195
4.1090827,0.4010514,4.176734,0.46463084
4.095476,0.39803135,4.1898007,0.41591322
4.0855274,0.3962463,4.2644963,0.40842187
4.069184,0.39381468,4.326274,0.48176873
4.0573153,0.39246786,4.2875624,0.45316255
4.0433135,0.39097738,4.1526794,0.45688784
4.0312324,0.39028454,4.221031,0.40480268
4.0170913,0.38936937,4.150003,0.40080476
4.004761,0.3890071,4.1221466,0.3588475
3.992296,0.38901663,4.077319,0.32981992
3.9781451,0.38937175,3.8790565,0.31865346
3.9635184,0.38996196,4.102607,0.3272847
3.951707,0.39079058,4.116294,0.28684247
3.9395351,0.3917079,4.092146,0.33961535
3.9325306,0.39252532,4.087733,0.32939088
3.9136097,0.39484346,4.06765,0.42890668
3.8990343,0.3972671,3.9694014,0.30838656
3.8871636,0.3999523,4.0664835,0.3447839
3.8701766,0.40415955,4.0892425,0.47967243
3.8550923,0.40760422,4.0637174,0.4338497
3.8371053,0.4117477,4.0094,0.39269197
3.8181572,0.41574073,4.0422606,0.4671111
3.8027155,0.41937292,3.9385855,0.4394307
3.7857766,0.42289245,3.9588623,0.4183966
3.7672315,0.42668283,3.729761,0.37093902
3.751747,0.42981195,3.686111,0.34037244
3.7337615,0.43332386,3.675692,0.34610093
3.7192993,0.43628573,3.6079874,0.33364117
3.701959,0.43976235,3.597535,0.32958996
3.6842165,0.443249,3.525029,0.29111683
3.670057,0.44630945,3.7050734,0.32736206
3.6530533,0.45005596,3.6085675,0.3236103
3.636277,0.45373273,3.5991373,0.34237766
3.622608,0.45685196,3.5520551,0.3220414
3.6062021,0.46054113,3.538516,0.3552277
3.592888,0.4634688,3.448199,0.3754201
3.5794892,0.4664979,3.5342221,0.346161
3.563527,0.46998823,3.5226774,0.30861175
3.55007,0.47308052,3.4598522,0.21619046
3.5339377,0.47664905,3.59073,0.2882794
3.5202935,0.47957134,3.6094804,0.2283473
3.503879,0.48299944,3.5563216,0.32033443
3.4903972,0.48569286,3.6464567,0.29591691
3.4742208,0.4891975,3.6750195,0.35803533
3.4607618,0.4919318,3.5533948,0.33983815
3.4525278,0.49365056,3.642301,0.33736956
3.43095,0.49815953,3.6544926,0.3040495
3.4142425,0.50156367,3.6531749,0.38975465
3.4016302,0.5039575,3.7415583,0.3521855
3.3867126,0.50619066,3.7461312,0.38833654
3.3727803,0.5089066,3.8311381,0.44616926
3.36093,0.5116172,3.9061947,0.49441707
3.3469818,0.5150349,3.8083518,0.42166734
3.3352818,0.518186,3.6803749,0.41412497
3.3236728,0.52171016,3.6374972,0.39649367
3.3102448,0.5261936,3.5764678,0.4057758
3.2991688,0.53016174,3.5378346,0.41327834
3.286149,0.5353893,3.5627112,0.48798192
3.2754154,0.53998375,3.5272808,0.46931863
3.2644734,0.5446819,3.4779935,0.44870055
3.2512476,0.55072606,3.4366598,0.438195
3.2406375,0.5561259,3.546924,0.45361865
3.22778,0.56272113,3.4769323,0.43933296
3.219337,0.5674224,3.5090919,0.48019755
3.2068357,0.57472324,3.5577326,0.5083854
3.194277,0.5822897,3.4852684,0.52281237
3.182059,0.59030175,3.4646258,0.5544497
3.1718864,0.5971159,3.3753357,0.6118419
3.1599698,0.60559464,3.3626778,0.55808437
3.1502347,0.61302805,3.2839868,0.57705486
3.1406133,0.6207049,3.2827332,0.5816976
3.12935,0.63009715,3.1914012,0.6643822
3.1200626,0.6380948,3.148209,0.6855508
3.1089263,0.64832795,3.105205,0.7149719
3.1001403,0.65676796,3.0181463,0.7076235
3.0899017,0.6674124,3.0866833,0.785017
3.0809321,0.67730105,3.0763497,0.7585587
3.0698438,0.69043016,3.0264683,0.73140687
3.059222,0.7022115,3.0757444,0.7885116
3.0488923,0.7136575,3.1265328,0.7867242
3.036488,0.7273644,3.0610816,0.80537754
3.0256271,0.73944676,3.0078158,0.763982
3.0123563,0.7540156,2.9684937,0.7776596
3.001338,0.7655123,2.9882522,0.80243754
2.988623,0.7790013,3.0388854,0.79627806
2.9764285,0.79227376,3.0177574,0.8924058
2.9659073,0.80321336,2.9611802,0.88669413
2.9562566,0.8140356,2.9538093,0.941913
2.9441605,0.82695967,2.937253,0.9621294
2.9342701,0.83750445,2.942593,0.9319598
2.9264333,0.8460009,2.9805532,0.9497274
2.9127529,0.8610681,2.919617,0.93679905
2.9015057,0.8737703,2.9576406,0.92636454
2.8905373,0.88613224,2.998326,0.857495
2.8813114,0.8962827,2.9572666,0.9141027
2.8703191,0.9084578,3.085093,0.904056
2.861014,0.91877306,2.9621375,0.8532474
2.8501437,0.93094695,2.992905,0.85444075
2.8388107,0.9432733,2.9958615,0.8034773
2.8299015,0.95335466,2.970415,0.8519291
2.8185463,0.9656269,2.9779403,0.7799953
2.807551,0.9775785,3.0026016,0.82538545
2.7981408,0.9878103,3.013092,0.79853946
2.787023,1.0000571,2.996919,0.81852514
2.7756133,1.012199,3.0306568,0.8036378
2.7660618,1.022406,2.9998431,0.85133773
2.7546906,1.0347543,3.0343614,0.85332304
2.7453995,1.0450252,3.0525086,0.80912393
2.733722,1.0571879,3.0737493,0.8611818
2.7225902,1.0692023,2.9805317,0.8992419
2.7110791,1.0814711,2.9328592,0.92012924
2.7017744,1.0916241,2.9578261,0.95426977
2.6901822,1.103933,2.9877255,0.93195254
2.678805,1.1160463,3.003156,0.9217437
2.6693108,1.1260731,2.9972892,0.9565354
2.6600008,1.1359318,2.9137526,0.9483598
2.6491354,1.146446,2.9796166,1.0419416
2.6385207,1.1567792,2.9393797,1.0719597
2.6299546,1.1654339,2.9833574,1.0876256
2.6201723,1.1758995,2.882184,1.0355992
2.61239,1.1847217,2.9906874,1.073783
2.6031954,1.1953781,2.9045193,1.1534723
2.5946634,1.2063881,2.9226491,1.1125672
2.5862074,1.2179142,2.9143553,1.1612822
2.579285,1.2276894,2.9048896,1.1354048
2.5717769,1.2394669,2.89392,1.1398208
2.5651495,1.2496585,2.9088078,1.1913973
2.5592203,1.2598494,2.8613365,1.19053
2.55226,1.2724282,2.8093412,1.2127982
2.546438,1.2830482,2.8385246,1.219522
2.5416362,1.2937485,2.8411481,1.2235707
2.5348723,1.3068897,2.8158002,1.2022306
2.5298417,1.3179185,2.8129995,1.1715139
2.5243967,1.3312234,2.7156937,1.1631349
2.5200825,1.3424159,2.7475586,1.1954358
2.5147731,1.3560792,2.6810863,1.2417278
2.5111923,1.3675779,2.6963835,1.2093873
2.5067277,1.3812497,2.7310917,1.1855981
2.503909,1.3905059,2.6543639,1.1650325
2.4990764,1.4066713,2.5760674,1.2242035
2.4957595,1.4207649,2.5947635,1.328828
2.4928923,1.4349023,2.5978167,1.3698065
2.4906657,1.4467955,2.5147502,1.334708
2.4884627,1.4610751,2.5668008,1.3957851
2.4867744,1.473221,2.5762484,1.545129
2.4850216,1.48788,2.5746043,1.5510038
2.4837742,1.5022626,2.546827,1.5955644
2.4830308,1.5142984,2.5949168,1.6490465
2.482603,1.5291057,2.5821352,1.6327562
2.4825473,1.5422014,2.6072803,1.6734618
2.4829679,1.5599451,2.5778573,1.6690322
2.4830568,1.578213,2.564823,1.6754644
2.4832475,1.5967342,2.5336907,1.6324923
2.483429,1.6124982,2.5458515,1.6735913
2.4838598,1.6322591,2.5618756,1.6595858
2.4840493,1.6479425,2.5873864,1.6174251
2.4837143,1.6666424,2.598712,1.6282076
2.4836867,1.6817253,2.5533457,1.6472709
2.483404,1.6995367,2.5689688,1.7051287
2.4836824,1.7172418,2.5544164,1.7348241
2.4835203,1.72311,2.5370347,1.700678
2.483496,1.7494408,2.5897202,1.7476144
2.483526,1.764015,2.5547552,1.7845899
2.4834692,1.7815001,2.60088,1.771306
2.4828448,1.7955201,2.6157687,1.8261034
2.4825737,1.812075,2.592915,1.7688631
2.4824157,1.8290143,2.6059709,1.7212213
2.482643,1.8429646,2.594723,1.729829
2.4827774,1.8594406,2.6687949,1.6141764
2.482739,1.8731267,2.5728054,1.6769149
2.4829228,1.889682,2.5623598,1.6202145
2.4832237,1.9032646,2.6210113,1.6904447
2.4831104,1.9168341,2.61552,1.6567618
2.4835124,1.9361072,2.680335,1.6369566
2.4836073,1.9498632,2.667868,1.6029967
2.4839473,1.9666032,2.6515875,1.5146921
2.4837906,1.9832237,2.6309078,1.5085293
2.4836419,1.9971964,2.604195,1.4265019
2.4839132,2.011308,2.5970578,1.4334872
2.483725,2.0278652,2.5967414,1.4727463
2.4836679,2.0416992,2.6017709,1.4846745
2.4836667,2.0586584,2.5837867,1.5099683
2.4836755,2.0726118,2.58944,1.4958051
2.483359,2.0893507,2.5883162,1.5065237
2.4830673,2.105934,2.5832276,1.5241898
2.4821413,2.1198225,2.5615826,1.5450511
2.4821947,2.1364982,2.5794578,1.5259886
2.4818387,2.1503096,2.5640886,1.5640988
2.481622,2.1669886,2.5638392,1.5762826
2.4819322,2.1807327,2.581417,1.6296258
2.4810994,2.197521,2.5522728,1.6142949
2.4816563,2.211267,2.575823,1.6459078
2.480625,2.2278285,2.5374603,1.7040839
2.481677,2.2418945,2.568088,1.7067949
2.4813335,2.255605,2.5736303,1.7030773
2.480468,2.2720733,2.546216,1.731196
2.4809961,2.2861788,2.547717,1.730723
2.4795609,2.3023913,2.5262802,1.7780994
2.479375,2.3188603,2.585863,1.7909539
2.4787803,2.3351755,2.5250878,1.8166552
2.4792185,2.3435984,2.5576444,1.8457814
2.4781501,2.365733,2.555624,1.863056
2.478456,2.379699,2.5523188,1.8885548
2.47708,2.3963485,2.5501375,1.9119507
2.4771457,2.4157763,2.5122318,1.9304298
2.4754663,2.4298186,2.5277255,1.9224149
2.4753065,2.4463377,2.5099447,1.9365903
2.473599,2.4589272,2.5226429,1.9612657
2.473032,2.4714863,2.5018775,1.9438568
2.4726799,2.4857297,2.496099,1.9896607
2.4721618,2.5000074,2.491124,1.973312
2.4726224,2.5142102,2.4909356,1.9969211
2.4731553,2.5258255,2.544287,1.9759966
2.4739852,2.5398147,2.5509303,2.0007153
2.4755907,2.5537248,2.6017647,2.0504723
2.4767728,2.5605953,2.5353172,2.0804114
2.477151,2.5629952,2.5819001,2.1356084
2.4815526,2.5909395,2.567974,2.1445715
2.4842641,2.6049237,2.5641658,2.1367607
2.4869807,2.6164222,2.5957887,2.1852252
2.4903686,2.6302536,2.5746856,2.1761723
2.4934044,2.6418734,2.5895178,2.1848414
2.4974375,2.6555536,2.563459,2.1827748
2.5011165,2.6671042,2.5298746,2.223569
2.5071926,2.685085,2.5328965,2.243462
2.5116973,2.6964087,2.5285604,2.2157633
2.5161803,2.7076414,2.481775,2.211487
2.5218813,2.7209344,2.5122137,2.354622
2.5278885,2.7340086,2.491847,2.337509
2.5333824,2.74472,2.5248618,2.3849354
2.5389977,2.7552958,2.518502,2.460742
2.547456,2.7699792,2.5744185,2.5408638
2.554834,2.7823527,2.6041262,2.537026
2.561253,2.7924945,2.6924405,2.5650258
2.5677395,2.802313,2.778641,2.5399606
2.575975,2.813991,2.7154148,2.5913382
2.582502,2.8235087,2.8355255,2.6256323
2.5914092,2.835083,2.8569672,2.6306999
2.6002073,2.846362,2.820772,2.6169865
2.6085792,2.8554952,2.8591852,2.6574874
2.6180732,2.8665063,2.8862844,2.6753218
2.6256096,2.875095,2.8410835,2.6976562
2.6357696,2.8855116,2.9098516,2.6921139
2.6460478,2.895723,2.8935323,2.7122355
2.6550546,2.9037392,2.8623176,2.73142
2.6643105,2.9118552,2.9780579,2.7628706
2.675548,2.9211907,2.8408678,2.7115319
2.6849716,2.9286041,2.8526514,2.6890604
2.6962326,2.9374614,2.8300443,2.7170887
2.7081275,2.9458299,2.920167,2.7609422
2.7181594,2.9527447,2.8305254,2.7590983
2.730831,2.9606729,2.8358645,2.7545238
2.7429578,2.9685006,2.8495076,2.7786026
2.7555637,2.975646,2.9089615,2.7738445
2.7744565,2.9862003,2.9315257,2.772464
2.7874658,2.992721,2.9222622,2.8362057
2.8006256,2.998765,2.9605832,2.7972646
2.8135674,3.004647,2.9187438,2.8070657
2.825087,3.0091972,2.87857,2.853903
2.8398159,3.0146227,2.9046636,2.831058
2.850632,3.0184076,2.9577851,2.8864782
2.8711367,3.0253391,2.9604225,2.8901973
2.8860402,3.030201,2.9397335,2.9138465
2.9036927,3.0359776,2.9223037,2.91945
2.921665,3.042187,2.9475157,2.9462986
2.9374857,3.0473912,2.9254844,2.9426851
2.95533,3.0537915,2.9072666,2.9876795
2.9702024,3.0590746,2.9354002,2.979999
2.9871182,3.0652056,2.8952613,3.0023348
3.000987,3.0702953,2.8851614,2.996995
3.017303,3.076183,2.9172401,2.9926522
3.0315301,3.0809596,2.89317,3.0062199
3.0480568,3.0868065,2.9803288,3.0232651
3.0644126,3.0927527,2.9019113,3.010446
3.078036,3.097435,2.9400287,3.0346754
3.0941935,3.1029902,2.9037552,3.0339744
3.1076598,3.107591,2.9792538,3.0456533
3.120639,3.112181,2.9875293,3.034933
3.1364481,3.117735,3.0513232,3.0365653
3.1492817,3.1222813,3.014908,3.0425873
3.1650236,3.127754,2.9928377,3.0540996
3.1779978,3.1322687,2.9389865,3.0151048
3.191139,3.1368473,3.016547,2.9869373
3.2068684,3.142255,2.9892726,3.0673997
3.2226417,3.1476874,3.0432868,3.0558064
3.2382905,3.1530457,3.022874,3.0789921
3.251447,3.1576145,3.0156085,3.0509362
3.2674625,3.1630733,3.0933697,3.057269
3.28053,3.1676335,3.0463533,3.0941222
3.2960064,3.1730652,2.9928274,3.07172
3.3113353,3.1787004,3.0253787,3.0480547
3.324364,3.183164,3.0437737,3.0638537
3.337508,3.1877463,2.9454012,3.0291088
3.3531754,3.1932356,2.9268816,3.0131764
3.366199,3.1978984,2.9854622,3.063157
3.3817372,3.2036545,3.03548,3.1001792
3.3949223,3.2081754,2.969642,3.060266
3.409314,3.2138324,2.8688252,3.0344968
3.4231577,3.2196608,2.909799,3.0346222
3.4367733,3.224922,2.9463074,3.0443141
3.448212,3.2287176,2.9357285,3.027988
3.459619,3.2321875,2.8689425,3.016477
3.4732482,3.235954,2.9733133,3.0827804
3.4870033,3.2394137,2.9737387,3.0516217
3.4986215,3.241921,3.0581234,3.0705936
3.5126278,3.2446775,3.0567727,3.0591435
3.5242589,3.2468252,3.0796518,3.0644827
3.5385194,3.2491376,3.151375,3.0986125
3.5501425,3.250735,3.1933994,3.1182384
3.5620751,3.2518353,3.1528156,3.1388881
3.5761185,3.2528992,3.2404501,3.1720362
3.5878303,3.2534766,3.2907789,3.1461668
3.6029966,3.2539556,3.4231856,3.244916
3.6166553,3.25383,3.4782546,3.275295
3.6345446,3.2537272,3.5692482,3.3089435
3.6500359,3.2536278,3.6893768,3.3413444
3.668596,3.253458,3.732007,3.3853612
3.684555,3.2534018,3.6611092,3.317505
3.7044835,3.2538269,3.5749207,3.2863545
3.72028,3.2542698,3.5097694,3.272766
3.735999,3.2544062,3.5275996,3.2775145
3.7544396,3.2549288,3.4889567,3.2135117
3.7726657,3.2552764,3.5314746,3.287468
3.7873387,3.2555425,3.5873852,3.283308
3.8045464,3.2558377,3.6078336,3.3391118
3.8221848,3.2558517,3.5537612,3.346792
3.8367774,3.2560272,3.5891345,3.3315732
3.8511367,3.256249,3.6941478,3.3787673
3.8686576,3.2562046,3.6315956,3.382573
3.8856392,3.2561312,3.6667142,3.3790705
3.899427,3.256196,3.7856915,3.379986
3.9131792,3.2560976,3.7285962,3.3505912
3.929546,3.256179,3.7922664,3.4426804
3.9434671,3.256299,3.7603312,3.4598558
3.9570944,3.2563658,3.7357533,3.4511862
3.9736543,3.2563689,3.8712964,3.542821
3.9874542,3.2564037,3.8742042,3.5374973
4.0040183,3.2566254,3.9970758,3.498276
4.01801,3.2567873,4.0161033,3.4523377
4.03484,3.2571936,3.848171,3.3205519
4.048579,3.2574022,3.8634522,3.3210664
4.0653014,3.257838,3.8573568,3.3059227
4.079102,3.2580762,3.83491,3.266306
4.095894,3.2582269,3.7865717,3.222981
4.10985,3.2585466,3.874402,3.291067
4.12639,3.2588413,3.8999376,3.267369
4.1402125,3.2590775,4.0992856,3.3380747
4.154129,3.2594697,4.004078,3.2408266
4.170519,3.2598546,4.0801563,3.2722392
4.1871605,3.2600226,4.1307244,3.2971797
4.2038455,3.2602913,3.912538,3.1347637
4.2176404,3.2605114,4.037146,3.173237
4.234293,3.2609575,4.075181,3.1204355
4.248033,3.2613273,4.0804477,3.1549344
4.2619257,3.2619107,4.010068,3.1435206
4.2784667,3.262224,4.0300593,3.1880984
4.295227,3.262857,4.174015,3.2347145
4.3090777,3.2634575,4.246111,3.2543173
4.325679,3.2642593,4.4547443,3.3239264
4.3424077,3.2649145,4.330131,3.2235565
4.3589973,3.2657146,4.4106297,3.2479
4.3730073,3.266308,4.3101277,3.1440527
4.389705,3.2670836,4.2964997,3.1128302
4.4062924,3.2677085,4.3666778,3.170679
4.419972,3.2683086,4.3165855,3.1407027
4.4366956,3.2690353,4.193082,3.0583656
4.450513,3.2695951,4.2300825,3.107371
4.4642344,3.2701728,4.3235517,3.1760592
4.478035,3.2707415,4.424896,3.2515974
4.4945755,3.2714894,4.4411583,3.293942
4.5109997,3.2723362,4.5206013,3.277301
4.524907,3.2730026,4.6193066,3.2670121
4.538696,3.2735524,4.476715,3.174504
4.5525928,3.2742393,4.42425,3.2007504
4.5693016,3.275208,4.541849,3.2536335
4.5829406,3.2759275,4.2821946,3.1031737
4.59996,3.2768748,4.3893514,3.091916
4.616499,3.277902,4.325814,3.089828
4.630258,3.278784,4.3464737,3.0726624
4.646854,3.2798862,4.4366817,3.1298165
4.660761,3.2809627,4.5574102,3.181402
4.677008,3.2822483,4.7210803,3.258768
4.690044,3.2836118,4.6945796,3.2492785
4.705427,3.2848384,4.73816,3.2641168
4.719916,3.2857177,4.675222,3.2511282
4.729698,3.2862234,4.6094832,3.208989
4.746385,3.2863286,4.71597,3.205567
4.7582207,3.286191,4.6581407,3.2471282
4.772357,3.2855303,4.701143,3.2079194
4.7866144,3.284628,4.686381,3.239848
4.798209,3.2835114,4.683963,3.2909472
4.812432,3.281979,4.7563314,3.3276064
4.8263836,3.2800107,4.7156463,3.3290217
4.8378253,3.2778258,4.7033954,3.289057
4.851934,3.2752726,4.8483977,3.3198738
4.863861,3.2727602,4.7319174,3.2684412
4.877977,3.2694638,4.763435,3.3032305
4.8894777,3.2664652,4.778474,3.3234742
4.903504,3.2626631,4.760603,3.269545
4.915149,3.259063,4.7778544,3.2511134
4.9268064,3.2555878,4.84195,3.1756442
4.9403453,3.250768,4.81879,3.1653147
4.9518523,3.2465508,4.8792577,3.136794
4.9652734,3.2409816,4.854128,3.1100876
4.9784346,3.2350304,4.9991865,3.1547706
4.9893045,3.2298288,5.057435,3.1364615
5.002306,3.2233398,5.081507,3.1407669
5.015054,3.2164497,5.024809,3.1670027
5.027731,3.209324,5.1475244,3.2174802
5.04008,3.2018445,4.961113,3.1386805
5.050495,3.1955268,5.0621696,3.197443
5.0605927,3.188842,5.134604,3.187533
5.072726,3.1806343,5.12866,3.2652996
5.082772,3.1736066,5.1198716,3.236019
5.094735,3.1649554,5.096711,3.2327752
5.10476,3.157365,5.0684185,3.202248
5.110664,3.1527154,5.0718017,3.1253371
5.1273274,3.1384833,5.144544,3.1316907
5.1364584,3.130298,5.1748114,3.1357512
5.145322,3.1219602,5.038089,3.078549
5.150476,3.116818,5.061353,3.0743215
5.1659355,3.1009204,5.135754,2.990205
5.174131,3.0918565,5.2381616,2.948057
5.183631,3.0808556,5.2079463,3.0052156
5.19303,3.069359,5.237846,3.03318
5.201931,3.0576737,5.153409,3.014681
5.209364,3.0477307,5.2295117,3.0595424
5.2163696,3.0378199,5.2476287,3.046191
5.2243495,3.0256624,5.1896873,3.0389593
5.2312636,3.0144596,5.103857,2.9820027
5.238048,3.0026102,5.103754,2.9587605
5.2469287,2.986671,5.1959662,2.9414656
5.256395,2.9701743,5.3188424,2.9438117
5.265736,2.9537165,5.30415,2.9070692
5.2755566,2.9366772,5.32281,2.9418814
5.285456,2.9198654,5.3794837,3.0148559
5.2953105,2.9037228,5.2343807,2.951404
5.3035035,2.8906913,5.3047953,2.9484959
5.3130326,2.8751035,5.2132726,2.825973
5.320743,2.8624372,5.3361316,2.8421023
5.329657,2.8473244,5.2731237,2.801749
5.337202,2.8348868,5.373808,2.860986
5.346132,2.8201778,5.3648887,2.8858004
5.3536735,2.8078678,5.451453,2.843146
5.359811,2.7982688,5.4053435,2.8298528
5.367239,2.7865965,5.4548664,2.9075172
5.3770323,2.7702951,5.406963,2.986841
5.3841567,2.758531,5.3961735,2.9220724
5.392146,2.7441201,5.445795,2.9031668
5.400137,2.7295253,5.473342,2.9249673
5.408391,2.715404,5.460357,2.8756855
5.4148407,2.7034469,5.4990396,2.836767
5.42278,2.6891954,5.4446106,2.7970088
5.4306946,2.6747427,5.422326,2.8008695
5.437652,2.662945,5.398082,2.7674828
5.4446816,2.6511784,5.39272,2.6555393
5.4533567,2.6369247,5.3850513,2.6585958
5.460622,2.6248882,5.383351,2.742508
5.469369,2.6102328,5.4051156,2.787397
5.476867,2.5981417,5.3348026,2.8017044
5.484062,2.5862195,5.1707726,2.7096395
5.492715,2.5718117,5.273453,2.620192
5.5012116,2.5573623,5.221509,2.6482625
5.508185,2.545541,5.2251663,2.7152426
5.516666,2.530984,5.307207,2.8345907
5.523805,2.5190005,5.3827577,2.8647838
5.5326576,2.5045154,5.3686996,2.8789918
5.5414405,2.4900727,5.3718557,2.9503639
5.549923,2.4757261,5.2432637,2.8155196
5.5585213,2.461418,5.2457166,2.7100165
5.5658073,2.4496844,5.1542726,2.6245942
5.5744185,2.4355078,5.222481,2.5960686
5.581533,2.4236045,5.2514153,2.5722425
5.5888696,2.412063,5.2563577,2.474789
5.5975833,2.397812,5.263779,2.5071661
5.6065745,2.3837895,5.3179708,2.5870502
5.613898,2.3719568,5.462872,2.5155907
5.6228642,2.358076,5.414488,2.5320168
5.6302295,2.3463204,5.4449167,2.5337265
5.6392884,2.3321838,5.4800315,2.5552847
5.646819,2.3205683,5.41517,2.5661662
5.6557727,2.3066897,5.436299,2.525091
5.664649,2.2925465,5.4620657,2.5094562
5.6721225,2.2808008,5.394603,2.477882
5.68117,2.266674,5.4827857,2.4624176
5.690162,2.2525828,5.4028873,2.356661
5.6976447,2.2409587,5.4359956,2.3740008
5.704994,2.2293541,5.52703,2.351931
5.714057,2.2152972,5.4797225,2.2894945
5.723053,2.2013772,5.498092,2.272518
5.730319,2.1899078,5.483882,2.2191424
5.739332,2.17598,5.5088387,2.2618263
5.748417,2.161828,5.4868264,2.2723677
5.755826,2.149635,5.554695,2.329306
5.7650785,2.1353395,5.6120644,2.3704317
5.7742915,2.1214168,5.550984,2.233174
5.7834044,2.107601,5.548368,2.2357976
5.7927537,2.0938454,5.6336675,2.3258097
5.800419,2.0823593,5.509103,2.327678
5.8099985,2.068444,5.5833664,2.3113844
5.8177814,2.0568547,5.4838495,2.1749501
5.8272357,2.0430849,5.629328,2.2365768
5.835303,2.0316696,5.5597844,2.266991
5.8443613,2.0177345,5.6954317,2.2608247
5.8520617,2.00612,5.6171284,2.2593052
5.8613267,1.9922787,5.6675944,2.235504
5.868741,1.981061,5.670749,2.2465634
5.8778524,1.9675425,5.705353,2.2820952
5.885226,1.9561385,5.6744375,2.207819
5.894631,1.9423913,5.685395,2.2195659
5.902218,1.9310755,5.68269,2.180481
5.9113684,1.9175214,5.7094846,2.2045867
5.9205785,1.9039519,5.6799593,2.1460779
5.92812,1.8929893,5.668564,2.1322196
5.9359093,1.8819734,5.6805825,2.089838
5.9451485,1.8687397,5.728267,2.0572057
5.952442,1.8575597,5.763131,2.0342996
5.960809,1.8442706,5.7611876,2.0435398
5.967797,1.8331983,5.7914925,2.075182
5.9746842,1.8220694,5.820417,2.0912952
5.9814234,1.8112506,5.831261,2.032014
5.988848,1.7984698,5.816989,2.0252821
5.993782,1.7876992,5.7503705,1.937798
6.000404,1.7748966,5.7568455,1.9784929
6.005562,1.7640592,5.712846,1.8778135
6.011129,1.7508962,5.857853,1.933823
6.0169287,1.7376423,5.8622723,1.8920211
6.0212607,1.7265604,5.894264,1.9111487
6.02637,1.7131202,5.88416,1.9366171
6.030821,1.6993973,5.9147606,1.9544284
6.034643,1.6853591,5.8729053,1.9726928
6.037928,1.6736691,5.8994446,1.91789
6.0414615,1.659765,5.8438783,1.852849
6.044414,1.6479943,5.859418,1.8593743
6.047847,1.6338005,5.872594,1.8768629
6.050057,1.6219666,5.9221864,1.8765787
6.0525403,1.6077594,5.8514814,1.8325833
6.054209,1.595681,5.8856277,1.6822352
6.0557675,1.5807096,5.9123654,1.6871443
6.056682,1.5674043,5.8926888,1.7189618
6.057062,1.5592301,5.9310036,1.7562414
6.057978,1.535081,5.847982,1.6279527
6.0590353,1.5196536,5.9116697,1.6055092
6.0597095,1.50123,5.8699284,1.615836
6.060561,1.4822128,5.864397,1.6454471
6.0612035,1.4663875,5.7964787,1.4966681
6.0623007,1.4480393,5.8949995,1.54499
6.063739,1.4296527,5.935314,1.4892298
6.064428,1.414781,5.9460845,1.4053898
6.0652447,1.4002744,5.9194694,1.4228765
6.066069,1.3886837,5.944699,1.3975996
6.067772,1.3657823,5.9354305,1.4183917
6.0686016,1.3514793,5.914391,1.3396729
6.0694647,1.3342167,6.0040283,1.3358678
6.070667,1.3171251,5.966729,1.3348104
6.071595,1.3029468,5.918434,1.3022281
6.072621,1.2862276,5.9868746,1.273294
6.073419,1.2691712,6.008485,1.2790968
6.0740795,1.2551584,5.966335,1.2865582
6.07496,1.2388139,5.971868,1.2889894
6.0751724,1.222198,5.9735622,1.3039883
6.0762496,1.2084719,5.9963374,1.3314904
6.076882,1.1918486,6.007704,1.2489306
6.077505,1.1784177,6.0085425,1.3267952
6.078861,1.1636839,5.930708,1.2891903
6.0797825,1.1516533,5.9453263,1.266299
6.0805755,1.1375285,5.9759607,1.2153915
6.0806794,1.1258994,6.027469,1.2018336
6.0806947,1.1122242,6.057216,1.2892904
6.080261,1.0982732,6.045728,1.3250556
6.079846,1.0889049,6.023966,1.2291704
6.078563,1.072454,6.0132637,1.2651643
6.076691,1.0584224,6.0863223,1.3560117
6.0750136,1.0466493,6.1037927,1.4860914
6.0726266,1.032618,6.0266066,1.4020078
6.0702133,1.0208067,6.02677,1.353556
6.0673265,1.0066588,6.0341377,1.3218813
6.064824,0.99509513,5.9954925,1.241082
6.061162,0.9815213,6.042497,1.2152886
6.057652,0.9702809,6.059374,1.1783319
6.053704,0.95684505,6.03297,1.2124478
6.0490937,0.9433899,6.0210867,1.20144
6.045286,0.93225265,6.086747,1.2039765
6.0400763,0.918827,6.061134,1.1126086
6.0349245,0.9056893,6.1464806,1.0913775
6.030317,0.8948239,6.0582223,1.0166644
6.0245223,0.8820773,6.0282364,0.9950795
6.0183916,0.86951226,6.08414,1.0315213
6.0116725,0.85682267,6.056318,1.0110893
6.0060043,0.84633815,6.040331,1.0017382
5.998598,0.8338973,5.9813375,0.93096524
5.9900513,0.8199895,6.005963,0.893443
5.9814887,0.8082205,6.0292754,0.8466432
5.972842,0.7963457,6.012708,0.793761
5.9640417,0.7846531,5.973242,0.7959383
5.953741,0.7713862,6.020725,0.7780367
5.945859,0.7621268,6.009631,0.6677866
5.9364843,0.75156546,6.0368176,0.6693567
5.9247255,0.7390625,6.0068564,0.6484307
5.914837,0.72909665,6.011166,0.6357775
5.909659,0.72407496,6.0138936,0.6762259
5.8956656,0.71111774,6.019502,0.6215563
5.884849,0.7018014,5.9748077,0.6284225
5.873617,0.6924306,5.9646034,0.6019031
5.864168,0.68497515,5.8890753,0.5341623
5.8531494,0.67678213,5.909872,0.54172444
5.845172,0.6709726,5.874925,0.53676355
5.832746,0.6625333,5.848442,0.4899677
5.822394,0.6558057,5.8310556,0.55168474
5.811609,0.64889896,5.8253813,0.5657835
5.798664,0.64134765,5.7715125,0.55225945
5.7885566,0.63582623,5.7774825,0.5673058
5.776683,0.62967336,5.801006,0.5850618
5.764429,0.6232891,5.781762,0.6026739
5.750538,0.6168635,5.787384,0.5796747
5.7393017,0.61175895,5.761958,0.56245565
5.7255244,0.6061889,5.7661104,0.5682708
5.7141814,0.6021069,5.7666855,0.5327519
5.700884,0.5972476,5.758763,0.53992414
5.6868157,0.5928242,5.7647943,0.5190854
5.675255,0.589396,5.7722173,0.4947995
5.6614237,0.58548915,5.7249937,0.48452842
5.6497145,0.58268523,5.7359743,0.45848405
5.6361046,0.5794985,5.722272,0.4726982
5.6219096,0.57676065,5.7371655,0.4785334
5.610019,0.5748384,5.7613354,0.5300273
5.5981674,0.5731456,5.716636,0.4961083
5.5839167,0.57135046,5.711291,0.5046469
5.571992,0.5700716,5.692046,0.44700003
5.557488,0.5689516,5.6831484,0.46204078
5.5457797,0.568177,5.6916,0.452888
5.538299,0.5680027,5.6807833,0.46794546
5.5184684,0.56723547,5.603884,0.4659437
5.504056,0.5675496,5.6259456,0.46396124
5.491857,0.5680902,5.625539,0.43706644
5.477189,0.5688832,5.5801296,0.4547844
5.4649057,0.56995547,5.6133657,0.51358044
5.449919,0.5716741,5.56963,0.4882859
5.436807,0.57366335,5.568855,0.44092488
5.423031,0.5760435,5.5400457,0.4656601
5.4050827,0.5792538,5.550335,0.4353515
5.3896384,0.5819727,5.518191,0.45049524
5.374335,0.58479786,5.5104723,0.43186975
5.355323,0.5879941,5.4705377,0.442438
5.336049,0.59134257,5.4843364,0.42336845
5.317541,0.5941142,5.462455,0.40720224
5.2994094,0.5970442,5.3988,0.3981017
5.28475,0.59941983,5.4253426,0.4099846
5.267182,0.6021162,5.4140406,0.39984822
5.250035,0.6048713,5.41232,0.41075265
5.2323704,0.6077192,5.3944273,0.40341735
5.217824,0.6101229,5.3500476,0.37814367
5.203503,0.6124462,5.3392296,0.42447734
5.183312,0.6158327,5.3675838,0.46045375
5.169315,0.6182425,5.333876,0.4364028
5.1525683,0.6211455,5.266949,0.3957001
5.1360984,0.6241095,5.259692,0.41160095
5.1227045,0.6265569,5.2380996,0.39983475
5.106721,0.629272,5.2319517,0.4828812
5.09064,0.6318915,5.279798,0.44295692
5.074559,0.6344763,5.283129,0.46498418
5.0583935,0.63726723,5.310163,0.46695554
5.041887,0.6400894,5.247786,0.52214086
5.0292506,0.64440274,5.222348,0.48540127
5.0142684,0.6447607,5.2810388,0.48138762
5.0002756,0.64751995,5.2749457,0.53219235
4.9838676,0.65032685,5.241108,0.5753323
4.970047,0.65271246,5.2056956,0.4999994
4.953767,0.6555886,5.2039766,0.5372547
4.940018,0.6578995,5.2002826,0.47562063
4.926203,0.66025925,5.189834,0.44612503
4.909668,0.6630188,5.1736803,0.43769658
4.8957434,0.6651286,5.242143,0.5464808
4.8789945,0.6677618,5.1873474,0.5348202
4.865234,0.67005515,5.172723,0.48488903
4.848641,0.6725719,5.1482487,0.49159062
4.8323736,0.6748692,5.1295867,0.48442364
4.8189096,0.6775465,5.113339,0.4372506
4.802713,0.67972326,5.0993133,0.5137851
4.786331,0.682215,5.118815,0.5242902
4.769966,0.6844684,5.0687256,0.5560361
4.7535796,0.68686295,5.152958,1.0138592
4.739858,0.68879545,5.129542,0.82201886
4.723504,0.691291,5.2405457,0.95704514
4.709865,0.6932336,5.2304106,0.90634286
4.6931825,0.6954863,5.1391363,0.9342993
4.679565,0.6973804,5.1316366,0.9007707
4.6631484,0.69961834,5.0853024,0.8308385
4.646725,0.70196986,5.0811014,0.8231179
4.6329484,0.70394516,5.038817,0.83150834
4.616474,0.70629156,4.9722176,0.8225526
4.6028533,0.7077669,4.9424253,0.7126403
4.5902042,0.7090851,4.8954096,0.6531395
4.5867414,0.7095853,4.8244815,0.61460316
4.5778937,0.7108803,4.8169947,0.6314031
4.5772314,0.71102667,4.8654943,0.653811
4.5784636,0.7108209,4.8291636,0.70317423
4.5794816,0.71067774,4.735319,0.6659677
4.580259,0.7105886,4.7389035,0.6255567
4.580981,0.71050596,4.7207785,0.6240008
4.581288,0.7104548,4.663418,0.6026256
4.581276,0.7104436,4.643109,0.57791114
4.5811386,0.710472,4.7265735,0.5680419
4.5810337,0.7104939,4.753639,0.5513959
4.581004,0.7105204,4.6352253,0.63461006
4.5810375,0.7105067,4.689206,0.69938767
4.5810313,0.71049154,4.651777,0.6525452
4.580993,0.71051085,4.624388,0.659094
4.5810485,0.71051383,4.6702833,0.66903496
