True_X,True_Y,Pred_X,Pred_Y,Pred_Smooth_X,Pred_Smooth_Y
29.688335,7.72,24.329077,9.11314,24.329076766967773,9.113140106201172
29.644413,7.72,24.335958,9.108591,24.332517623901367,9.110865592956543
29.598822,7.72,24.335958,9.108591,24.33523409304914,9.109070123297549
29.57547,7.72,24.789757,8.815497,24.594425470022394,8.941646134226634
29.534883,7.72,24.347748,9.100795,24.51101370323394,8.995415429789317
29.49096,7.72,24.347748,9.100795,24.45667394003935,9.030452599594268
29.468164,7.72,24.808048,8.803443,24.61722373227632,8.926699376048246
29.419794,7.72,24.371704,9.084944,24.552150566916044,8.968567773043873
29.380318,7.72,24.371704,9.084944,24.506372349301973,8.998027367315089
29.358635,7.72,24.811354,8.8012705,24.61621764046231,8.927100316382283
29.313044,7.72,24.811354,8.80127,24.69564493981954,8.875816143985842
29.269121,7.72,24.37062,9.08566,24.630808862575375,8.91763075210374
29.246881,7.72,24.819485,8.795902,24.69780987226745,8.8743507868875
29.202957,7.72,24.819485,8.795902,24.74939435334811,8.84103054297326
29.15848,7.72,24.381748,9.078291,24.688314762702674,8.880401636233511
29.13624,7.72,24.85579,8.771935,24.74221022285923,8.845489374036678
29.091204,7.72,24.85579,8.771935,24.785607781472386,8.817377534419386
29.047281,7.72,24.425068,9.049747,24.735918807388607,8.849328669254746
29.025042,7.72,24.869467,8.762909,24.7775495885792,8.822358817530386
28.977783,7.72,24.869467,8.762909,24.81211770337958,8.799964837940477
28.935528,7.72,24.43573,9.042728,24.766445774747556,8.829352361371978
28.909952,7.72,24.878098,8.757203,24.79996331650197,8.80764192469164
28.86603,7.72,24.878098,8.757202,24.82844703441192,8.789192515795325
28.823774,7.72,24.878098,8.757203,24.8527515732923,8.773450734789256
28.802647,7.72,24.89171,8.748214,24.87556284400864,8.75865129656718
28.753164,7.72,24.891712,8.748213,24.895185315707845,8.745920830746432
28.723696,7.72,24.891712,8.748213,24.912107841952853,8.734942113258732
28.691448,7.72,25.464884,8.374834,25.002796566044008,8.67590417559632
28.645859,7.72,24.901571,8.741645,25.010514517887255,8.670891672049885
28.609718,7.72,24.901573,8.741645,25.017014636770238,8.666670254605233
28.579695,7.72,24.901573,8.741645,25.022468142605533,8.663128552316751
28.53466,7.72,24.921398,8.729968,25.029353953709364,8.658797824171106
28.50686,7.72,24.921398,8.729968,25.035225887378143,8.655111564721917
28.467941,7.72,24.921398,8.729968,25.040213134937762,8.651987524943063
28.424019,7.72,24.93917,8.718161,25.046360595742193,8.64807021292522
28.397331,7.72,24.93917,8.718161,25.051651310564345,8.64470223315787
28.352852,7.72,24.93917,8.718161,25.056184520751323,8.641819906480345
28.31282,7.72,25.50577,8.347525,25.117519666764927,8.601772271895923
28.28669,7.72,25.50577,8.347525,25.17345923555089,8.565246249212196
28.246658,7.72,25.50577,8.347525,25.224545826318433,8.53188771182269
28.202179,7.72,25.539366,8.325108,25.27445276136923,8.499252566435144
28.17716,7.72,25.539366,8.325108,25.320153708101483,8.469366244917437
28.12879,7.72,25.539366,8.325108,25.362039881492734,8.441973084555825
28.08987,7.72,25.539366,8.325108,25.400457103741306,8.416847085428632
28.06763,7.72,25.569475,8.304901,25.43837154548342,8.392003036006368
28.019258,7.72,25.569475,8.304901,25.473210313016754,8.369172394144837
27.978672,7.72,25.569475,8.304901,25.50523132015762,8.348186335699143
27.95532,7.72,25.003756,8.673772,25.487080202400282,8.359921124995275
27.90695,7.72,25.59829,8.28539,25.518897483836305,8.3390208790551
27.867476,7.72,25.59829,8.28539,25.54824729606,8.319739031079113
27.822996,7.72,25.02489,8.659679,25.529130831305505,8.332101017191397
27.757946,7.72,25.064285,8.635423,25.513828625987145,8.342095781218696
27.734594,7.72,25.064283,8.635424,25.498978480159103,8.351794762691512
27.689558,7.72,24.563267,8.960769,25.445704422441267,8.386443009260763
27.636183,7.72,25.08175,8.623785,25.43476827991426,8.39357369261928
27.59782,7.72,24.573154,8.954275,25.385509405315354,8.425606343963615
27.578917,7.72,24.573154,8.954274,25.33856097499158,8.456137143616719
27.534437,7.72,25.055592,8.63919,25.329614024482005,8.461855564337993
27.489403,7.72,25.05559,8.63919,25.320851254329604,8.467459969892579
27.461603,7.72,24.613567,8.925378,25.280040087101188,8.493819176265259
27.421572,7.72,25.04394,8.646991,25.27211701357626,8.498908309107158
27.377092,7.72,25.043941,8.646991,25.264358106846785,8.503894774186147
27.353186,7.72,24.57889,8.94837,25.223666441060374,8.530226912486226
27.312042,7.72,24.57889,8.94837,25.184688609670783,8.555451623877081
27.267008,7.72,25.012459,8.668077,25.17776846074265,8.559952244766873
27.242544,7.72,25.012459,8.668077,25.171028179327365,8.564337009505612
27.198622,7.72,24.557177,8.962816,25.132909203713563,8.589036118602602
27.153585,7.72,24.990173,8.68302,25.12618642582016,8.593446060717687
27.131346,7.72,24.990173,8.68302,25.119669379291533,8.597721711460883
27.087423,7.72,24.540989,8.973533,25.082709107047858,8.62168550368043
27.042389,7.72,24.977531,8.691506,25.07687096454328,8.625540727233856
27.022928,7.72,24.977533,8.691506,25.071236999890505,8.629261910896302
26.979006,7.72,24.536049,8.976762,25.036066705833456,8.652065179193478
26.933971,7.72,24.97299,8.694537,25.03160328843072,8.655032139327963
26.905615,7.72,24.97299,8.694537,25.027323419046937,8.657878155070408
26.862804,7.72,25.534529,8.3287115,25.060657902832826,8.63621818390969
26.813877,7.72,24.973139,8.695705,25.05539967248644,8.639782956752768
26.799978,7.72,24.973139,8.695705,25.05032561600666,8.643223179120954
26.75661,7.72,24.973139,8.695705,25.045431942532858,8.646541401770566
26.710464,7.72,24.95798,8.705776,25.03971465729769,8.6504046274131
26.687113,7.72,24.95798,8.705776,25.034207740808252,8.654125993756452
26.643745,7.72,24.95798,8.705775,25.028907077567034,8.657708200871767
26.596487,7.72,24.978317,8.69239,25.025143272620895,8.660275673157527
26.575914,7.72,24.978317,8.69239,25.021529522760144,8.662741141335184
26.533104,7.72,24.978317,8.69239,25.018062741095797,8.665106688624562
26.485289,7.72,24.97832,8.6923895,25.01474000294355,8.667374311046022
26.467497,7.72,25.048279,8.6477375,25.016124820366286,8.666631424928754
26.42135,7.72,25.048279,8.6477375,25.01748666827756,8.6658974161925
26.372423,7.72,24.461302,9.029785,24.98058196003785,8.690064112521513
26.35352,7.72,25.022102,8.665234,24.981493324307493,8.68964131535052
26.298477,7.72,25.022102,8.665234,24.98243122079198,8.689194441464831
26.26623,7.72,25.022102,8.665233,24.983392198435023,8.688725789153771
26.244545,7.72,24.997158,8.682021,24.98275214791572,8.689328554773988
26.200068,7.72,24.997156,8.682022,24.982184206835463,8.689876680587227
26.155588,7.72,24.997158,8.68202,24.981685193708262,8.690372345795529
26.1289,7.72,24.418856,9.058073,24.943723050046795,8.715221716324287
26.084421,7.72,24.895943,8.7473955,24.938050644771483,8.719038041827178
26.043278,7.72,24.895943,8.7473955,24.93265585943294,8.722667647494168
26.02215,7.72,24.895943,8.7473955,24.92753206382318,8.726114990145934
25.969887,7.72,24.891499,8.750427,24.922384430909883,8.729581130528342
25.950985,7.72,24.891499,8.750427,24.91750399423169,8.732867461202618
25.910954,7.72,24.891499,8.750427,24.91288383720797,8.735978632435952
25.865917,7.72,24.87825,8.759179,24.907658451612825,8.739486477909935
25.841454,7.72,24.87825,8.759179,24.902708195822044,8.742809519790564
25.796976,7.72,24.87825,8.759179,24.89802586293353,8.745952603198212
25.750828,7.72,24.36049,9.094246,24.860060368335883,8.770628421018566
25.730257,7.72,24.83957,8.782073,24.854510940219125,8.774181513019114
25.685223,7.72,24.839567,8.782074,24.849288576336175,8.777521558229317
25.644634,7.72,24.835255,8.787135,24.844104122655924,8.78098294304572
25.62184,7.72,24.835255,8.787135,24.839236358609718,8.784233418684966
25.575136,7.72,24.835255,8.787135,24.834675296251213,8.787279618378221
25.532326,7.72,24.820177,8.794646,24.82943426408636,8.790614728460838
25.510641,7.72,25.39978,8.418151,24.86205714883492,8.769354609996762
25.449484,7.72,25.39978,8.418151,24.89373126475974,8.74871112380025
25.42224,7.72,25.39978,8.418151,24.924449575572634,8.72868896729973
25.4,7.72,25.399986,8.418018,24.954220868663462,8.709282631003223
25.4,7.72,20.784374,11.3708935,24.684048654560566,8.881777720581518
25.4,7.7411957,20.784374,11.3708935,24.42293114821295,9.048490228806733
25.4,7.7662454,20.784374,11.3708935,24.170847482649727,9.209433577656814
25.4,7.81201,19.655592,12.169971,23.854640801947713,9.416393737244542
25.4,7.8365774,19.65559,12.169972,23.549823074500633,9.615911099071166
25.4,7.863554,19.65559,12.169972,23.256317242379687,9.808035354504229
25.4,7.9078727,19.114336,12.592682,22.938966710336896,10.020210190704745
25.4,7.9314775,19.114338,12.592682,22.633891720477525,10.22421123119992
25.4,7.9603806,19.114338,12.592681,22.34095801485601,10.420125857665102
25.4,8.003254,18.8119,12.822024,22.040423636959197,10.62290894891538
25.4,8.02734,18.811901,12.822023,21.75236745513055,10.817317298997237
25.4,8.056244,18.8119,12.822024,21.476604846808033,11.003472434055332
25.4,8.099118,18.991528,12.686054,21.224571615390516,11.172698758120744
25.4,8.132838,17.982752,13.512212,20.918691200983677,11.387749977366418
25.4,8.171858,17.3732,14.004132,20.586789055025413,11.625330995531836
25.4,8.210396,17.86493,13.609595,20.30127926436668,11.827117541541137
25.4,8.249415,17.86493,13.609596,20.028990167456715,12.019691343652593
25.4,8.289399,17.24457,14.103751,19.729476186815138,12.235236990588826
25.4,8.32601,17.24457,14.10375,19.4439849399114,12.440864688126094
25.4,8.364548,17.789059,13.672031,19.207489008877534,12.608812236670376
25.4,8.383817,21.114378,11.172777,19.198597621499875,12.606324461215449
25.4,8.422836,21.114378,11.172777,19.194425473729776,12.600897342222371
25.4,8.460893,21.11438,11.172777,19.194675856823736,12.59273313402725
25.4,8.502803,21.064857,11.203974,19.19585449702373,12.584047138109568
25.4,8.539413,20.077427,11.887411,19.137055132928506,12.61719681721007
25.4,8.557238,20.077427,11.887412,19.084096811195007,12.646621850820356
25.4,8.596257,21.038347,11.220717,19.098939678217565,12.629328291651527
25.4,8.636241,21.038347,11.220717,19.11701485041274,12.61010881799115
25.4,8.653583,20.073923,11.889929,19.0756254661997,12.63246252557823
25.4,8.692602,21.034924,11.222992,19.10129995940059,12.60857874262323
25.4,8.73114,20.055883,11.902234,19.06610033562365,12.627226259137425
25.4,8.7499275,20.055883,11.902234,19.03531975676703,12.643098933810204
25.4,8.787984,19.363491,12.418992,18.963908219711445,12.689800708116975
25.4,8.826522,20.09065,11.877189,18.945064756132926,12.697813717162958
25.4,8.847236,21.068762,11.202558,18.993245588185744,12.659854944815942
25.4,8.884329,21.068762,11.202558,19.04279413411089,12.621203190004737
25.4,8.931538,20.187231,11.808113,19.036442114789796,12.621192126373533
25.4,8.956106,21.105354,11.179215,19.092430064185685,12.578708093998479
25.4,8.980674,21.105354,11.179215,19.149145084214634,12.535948924460483
25.4,9.026919,20.21281,11.789672,19.148634447625447,12.53254565448144
25.4,9.051005,20.21281,11.789673,19.15045753663053,12.527756733859372
25.4,9.098697,19.582205,12.24372,19.1136351224048,12.551076305036911
25.4,9.135307,19.582203,12.24372,19.080209390884946,12.572221742457739
25.4,9.17529,20.262074,11.754764,19.094045314591835,12.559634720639263
25.4,9.1940775,21.17923,11.132236,19.16888372235774,12.505822515334549
25.4,9.232615,20.27245,11.74743,19.184523175787554,12.49234891538183
25.4,9.270672,20.27245,11.747429,19.2015023228968,12.478136939441407
25.4,9.289459,20.27245,11.747429,19.21969776073636,12.46326514964677
25.4,9.32896,20.27735,11.74389,19.23930863868143,12.447579291786653
25.4,9.367017,20.277348,11.743892,19.259894239919934,12.431387523544204
25.4,9.384841,21.183556,11.129414,19.340008234798642,12.37498074762239
25.4,9.425305,20.307762,11.722356,19.362230312492457,12.357914625237413
25.4,9.4648075,21.22092,11.105602,19.4441685551933,12.300655568171054
25.4,9.482631,21.220919,11.105602,19.52464431892917,12.244519073666297
25.4,9.525504,20.318598,11.714754,19.54517036527774,12.228984787729152
25.4,9.5587435,20.318598,11.714754,19.566040049445,12.213344178361854
25.4,9.597281,21.21608,11.108638,19.645280334993483,12.158403816989019
25.4,9.640155,20.367105,11.680325,19.667833664804267,12.141755233077683
25.4,9.677248,20.367105,11.680325,19.690439124748796,12.125186578807046
25.4,9.713859,20.363861,11.682665,19.712834470189726,12.108879982066012
25.4,9.753842,20.363861,11.682664,19.735187886167346,12.09270723949559
25.4,9.792862,21.386793,10.999276,19.82366736005661,12.032459550783447
25.4,9.828991,20.398184,11.658555,19.845807876848905,12.016552060369007
25.4,9.847778,20.398182,11.658555,19.867709561432125,12.000900134350466
25.4,9.886798,20.398184,11.658554,19.889340767565027,11.985521006391714
25.4,9.932562,20.438902,11.630031,19.91330774494901,11.968584043102743
25.4,9.9571295,20.438902,11.630031,19.93685990719754,11.952011304865689
25.4,9.983143,20.438902,11.630031,19.959973184170675,11.935815047072786
25.4,10.02987,20.495626,11.590171,19.986297698476363,11.917425860995762
25.4,10.051548,20.495626,11.59017,20.01201964918399,11.899519254511649
25.4,10.079488,20.495626,11.590171,20.037122424061288,11.882102829789165
25.4,10.125252,20.537249,11.561085,20.064285949915305,11.863299766065959
25.4,10.147893,20.537249,11.561085,20.09071398307802,11.845060268793546
25.4,10.175833,20.537249,11.561085,20.116396986119195,11.827387298232829
25.4,10.220152,21.579266,10.87452,20.208775352402796,11.765842436688558
25.4,10.243275,20.7069,11.440742,20.24167137747677,11.743004171584946
25.4,10.272178,20.706896,11.440743,20.2734439005334,11.720990673419644
25.4,10.313606,21.75727,10.757741,20.37208579003793,11.655586693982924
25.4,10.336729,20.722889,11.430219,20.40038482623317,11.636002700033046
25.4,10.372858,21.6352,10.838565,20.486601548325684,11.578944821369545
25.4,10.409951,21.635202,10.838564,20.56972158631429,11.523979062383194
25.4,10.432592,21.635204,10.838563,20.64976564521736,11.471088861967253
25.4,10.465349,21.647402,10.83057,20.727549134883873,11.419736951753844
25.4,10.503887,21.647404,10.83057,20.802287156891584,11.370434876520347
25.4,10.542907,21.647402,10.830571,20.87401497733989,11.323156630187476
25.4,10.58,21.699371,10.796807,20.94613632668487,11.27568792865128
25.4,10.58,18.5354,13.05223,20.810421238787672,11.376244857396781
25.35174,10.58,17.926855,13.556732,20.63918115363665,11.506572605169685
25.322939,10.58,18.497349,13.083929,20.510086513189627,11.602294446396531
25.247433,10.58,18.49735,13.083928,20.3849954811843,11.695024383088123
25.197617,10.58,16.935759,14.33835,20.16284080834617,11.865951653020494
25.135344,10.58,17.466469,13.92849,19.982438908498985,12.004632324692954
25.09331,10.58,17.466469,13.92849,19.808273261202668,12.138496827958843
25.041935,10.58,17.466469,13.928491,19.640316839161127,12.267567483773558
24.980442,10.58,16.65723,14.551479,19.426150677465763,12.432200129416296
24.939964,10.58,16.967623,14.309355,19.23995028152282,12.575087190017053
24.885477,10.58,16.967623,14.309355,19.06088833760084,12.712475825199471
24.821648,10.58,16.490086,14.675834,18.857980059070094,12.86814622438693
24.785063,10.58,16.748735,14.483103,18.6798268812042,13.00517447383774
24.72902,10.58,16.748737,14.483102,18.50902932220281,13.136529131083636
24.667524,10.58,16.748737,14.483102,18.345480498651174,13.262293441085854
24.627827,10.58,16.499165,14.668763,18.17291058330063,13.39457474656483
24.574116,10.58,16.779787,14.459138,18.0260553680194,13.50748060384044
24.511845,10.58,16.779787,14.459139,17.886010726266665,13.61513632351718
24.476816,10.58,16.779787,14.459139,17.752638670210587,13.717648871007254
24.419992,10.58,16.70943,14.513271,17.621241698446145,13.818633347141704
24.350716,10.58,16.691568,14.526921,17.4952217944089,13.915466997312565
24.321915,10.58,17.26787,14.082905,17.412923745061082,13.978614855996723
24.262756,10.58,17.26787,14.082905,17.335638992473623,14.037900816802603
24.194256,10.58,16.669891,14.543359,17.224504306679144,14.123250834883665
24.16857,10.58,17.276943,14.075926,17.158656930816097,14.173728889403552
24.107077,10.58,17.276943,14.075926,17.0973275055643,14.220728110860922
24.045582,10.58,17.276945,14.075925,17.040356341404713,14.264371979579394
24.014446,10.58,16.683609,14.532789,16.94917906332555,14.334355195780995
23.951395,10.58,17.345982,14.020747,16.906203133110125,14.367094296993498
23.889124,10.58,17.345982,14.020747,16.86695995766999,14.396965295412354
23.82685,10.58,16.706566,14.51399,16.789904802531396,14.456015797521516
23.792603,10.58,17.495409,13.904694,16.768717131782815,14.4719310099237
23.734222,10.58,17.495409,13.904694,16.750472356144513,14.485589420528207
23.67195,10.58,17.495409,13.904695,16.735019442426815,14.497107632863768
23.638477,10.58,16.82035,14.426252,16.678516049467977,14.540358502157556
23.57854,10.58,17.396378,13.98051,16.663261669693032,14.551711144648259
23.515491,10.58,16.809416,14.433154,16.612587284389754,14.590392412083329
23.431423,10.58,16.809416,14.433154,16.565618579994073,14.626229900151573
23.398731,10.58,16.809414,14.433154,16.522217141650323,14.659330182362002
23.318556,10.58,17.116951,14.195268,16.502152239076846,14.674400989388099
23.267181,10.58,18.626024,12.974492,16.582394568075564,14.608442067021642
23.205687,10.58,17.91333,13.565081,16.61573119623245,14.581446614322811
23.167545,10.58,17.91333,13.56508,16.649716060932754,14.554000576042554
23.110722,10.58,21.20223,11.117986,16.897116949330226,14.367797555876736
23.04845,10.58,20.189356,11.8071995,17.072252756969704,14.231230642366606
23.012644,10.58,20.189358,11.807197,17.242793235328378,14.098261277523097
22.955042,10.58,20.189354,11.8071995,17.408666672100534,13.968944508680064
22.89277,10.58,21.17598,11.133072,17.63367878175898,13.799688597776537
22.860855,10.58,21.17598,11.133072,17.85178654270395,13.635621717688744
22.797806,10.58,21.17598,11.133072,18.062965202938496,13.47676278643973
22.734755,10.58,22.46915,10.2980995,18.350910671872114,13.2690723320954
22.705954,10.58,22.46915,10.2980995,18.629123718741475,13.06840052341201
22.629671,10.58,21.16686,11.138822,18.813338342998872,12.929145075774096
22.58141,10.58,21.166862,11.138821,18.99071875402432,12.795031706790924
22.54716,10.58,21.151728,11.14853,19.16034397044788,12.66664612436478
22.48878,10.58,21.151726,11.148532,19.323295946610166,12.543287868571323
22.426508,10.58,18.631569,12.971235,19.316530239264928,12.542877690795862
22.395372,10.58,18.631569,12.971235,19.308721239843916,12.543420381383429
22.333878,10.58,17.058384,14.242189,19.198124618697634,12.62711910981815
22.270828,10.58,17.776546,13.680516,19.13654455929517,12.672536930252999
22.238134,10.58,17.776546,13.680517,19.076009458638012,12.717194762568537
22.174305,10.58,18.828714,12.802296,19.084687058721318,12.70419985399512
22.114368,10.58,17.755527,13.698289,19.022784454626866,12.750253844512109
22.08479,10.58,17.755527,13.698289,18.962148238257637,12.795376978758968
22.02174,10.58,18.707163,12.90358,18.964424790168163,12.788092183448926
21.958689,10.58,17.261328,14.085441,18.872411991296296,12.858027867635762
21.924438,10.58,17.261328,14.08544,18.782871022601384,12.926090976689977
21.86528,10.58,17.261328,14.08544,18.695835519336736,12.992255592205519
21.79211,10.58,16.624405,14.575371,18.57010493375444,13.088213661794843
21.768759,10.58,16.624405,14.575371,18.448305051836044,13.181176541871805
21.7096,10.58,16.624405,14.575371,18.330444838784523,13.271137073183453
21.648108,10.58,16.361694,14.757754,18.199519493732655,13.369900329889223
21.616192,10.58,16.570145,14.615846,18.08658689711857,13.456086653411075
21.553143,10.58,16.570145,14.615846,17.97768488407252,13.539202295995656
21.490091,10.58,16.546225,14.632655,17.871239771556393,13.62035431816091
21.458956,10.58,16.546225,14.632655,17.76881928119881,13.69844264171618
21.39357,10.58,16.98396,14.299192,17.698717970504713,13.75191241425325
21.355429,10.58,16.98396,14.299192,17.63160850213055,13.803104695587958
21.30561,10.58,18.019876,13.475013,17.634494946210747,13.798708899978411
21.243338,10.58,17.220043,14.118314,17.586256525665448,13.83553707616457
21.20364,10.58,17.220043,14.118314,17.5403485373681,13.870592948789044
21.146038,10.58,16.642082,14.562464,17.459309296397198,13.93266425830837
21.08143,10.58,17.283152,14.069927,17.423243283472335,13.960198980522087
21.049517,10.58,17.283154,14.069926,17.38920891936697,13.986188666371351
20.988022,10.58,16.594366,14.597453,17.31256451274503,14.044822809590089
20.931978,10.58,17.24454,14.100081,17.28141228159759,14.068663001060715
20.89695,10.58,17.24454,14.100081,17.25219672695292,14.091028012482537
20.837791,10.58,17.24454,14.1000805,17.22485567041636,14.111964903118801
20.775518,10.58,17.04554,14.252178,17.186446119719122,14.14136583885592
20.74127,10.58,17.04554,14.252178,17.150218024731394,14.169103348549214
20.682112,10.58,17.04554,14.252178,17.116108527595422,14.195225119960234
20.611277,10.58,17.256512,14.09019,17.09770999096533,14.209294111662942
20.587925,10.58,17.256512,14.09019,17.08084575733915,14.222194887561008
20.52643,10.58,17.256512,14.090191,17.06545298345578,14.233975227577833
20.464937,10.58,17.643602,13.790918,17.076525223058216,14.225310880686738
20.428352,10.58,17.643602,13.790918,17.088107079852094,14.216267988213364
20.369972,10.58,17.643602,13.790917,17.10014052181677,14.206890545994417
20.306921,10.58,16.688805,14.52745,17.050768381126865,14.244894624298063
20.277342,10.58,16.688805,14.52745,17.003809245472862,14.281049806095833
20.2104,10.58,17.141775,14.17826,16.988528239441948,14.2927953116023
20.15202,10.58,17.141775,14.17826,16.974567733447607,14.303532875150893
20.089748,10.58,17.153118,14.169448,16.9626066510217,14.312734140899048
20.06017,10.58,17.153118,14.169448,16.951831761716026,14.32102997435786
19.997118,10.58,16.660158,14.548327,16.910281393396414,14.352985065387472
19.934067,10.58,17.543201,13.868164,16.92803700893159,14.339268751353247
19.899818,10.58,17.543201,13.868164,16.945973629996697,14.325421504571208
19.84066,10.58,17.543201,13.868164,16.96404075275373,14.311481744551246
19.774494,10.58,16.907074,14.357701,16.94101575631264,14.329172251060344
19.741802,10.58,18.431217,13.135664,17.018062087996945,14.2666796512748
19.686535,10.58,18.431217,13.135664,17.093177316693858,14.205786247665715
19.614923,10.58,17.779547,13.677007,17.124142836148316,14.181560109731647
19.584566,10.58,18.467733,13.105433,17.19906610844271,14.120814329514307
19.530855,10.58,18.467733,13.105433,17.271883245190825,14.06180473681215
19.459242,10.58,17.796066,13.663263,17.29909760137204,14.040653634640726
19.432777,10.58,18.48326,13.092646,17.370105578435847,13.983120691505315
19.375175,10.58,18.48326,13.092647,17.438924551576005,13.927386145411411
19.312124,10.58,18.48326,13.092646,17.50554738979271,13.873453994132666
19.27554,10.58,21.110678,11.175772,17.740039077695638,13.69724931180917
19.213268,10.58,21.110678,11.175772,17.96664161571426,13.526997294185302
19.15411,10.58,21.110678,11.175772,18.185375625193146,13.362680806844597
19.120638,10.58,20.221401,11.783695,18.338716535667068,13.243620513424784
19.057589,10.58,21.157974,11.145642,18.546825589578745,13.08780991735451
19.001543,10.58,21.157974,11.145642,18.747110793128247,12.937884674292254
18.970407,10.58,21.203959,11.1165495,18.942621910423703,12.791904939388454
18.908134,10.58,21.203959,11.1165495,19.13036814861204,12.651751206483961
18.839636,10.58,21.203959,11.1165495,19.310446111613476,12.51734945252709
18.814726,10.58,21.203959,11.1165495,19.482962732958434,12.388618007217655
18.750898,10.58,21.19237,11.123865,19.647284242712498,12.265941749288908
18.689404,10.58,21.192371,11.123864,19.804310943988153,12.148736259751375
18.658268,10.58,21.19237,11.123865,19.954175201974742,12.036901005086776
18.595995,10.58,21.129168,11.16387,20.092925747554222,11.932919581363137
18.53528,10.58,21.129168,11.16387,20.22493614376808,11.834005579864867
18.503366,10.58,20.215391,11.788138,20.291210498548676,11.780452399421808
18.437202,10.58,21.090208,11.18859,20.40965603902335,11.691574798400378
18.372595,10.58,21.09021,11.188589,20.521906675540603,11.607362284054132
18.346128,10.58,21.09021,11.188589,20.62812053016928,11.527695064140726
18.283857,10.58,20.204945,11.79547,20.671157424326314,11.49173326593021
18.216915,10.58,21.104822,11.17931,20.7686475109101,11.4188733427026
18.191227,10.58,21.10482,11.17931,20.86055413366725,11.35021142524343
18.128956,10.58,20.197992,11.800446,20.888343133159985,11.325828987509539
18.062012,10.58,21.069246,11.201951,20.969234850840873,11.265311915762036
18.032433,10.58,21.069246,11.201951,21.045106902857636,11.208574961005759
17.969383,10.58,20.172812,11.818291,21.058095916453414,11.195390422448424
17.907888,10.58,21.041605,11.219557,21.12456481489856,11.145651602962543
17.877531,10.58,21.041605,11.219557,21.186551930963613,11.099292084881226
17.817595,10.58,21.041605,11.219557,21.24421331387358,11.056193385581567
17.756102,10.58,20.18329,11.810862,21.242147494087366,11.054511471500241
17.725744,10.58,21.079157,11.195644,21.29591304426281,11.014752393820944
17.661137,10.58,21.079157,11.195644,21.34572973807643,10.977958009047002
17.622215,10.58,20.213406,11.789538,21.33570731137253,10.982457412934163
17.568506,10.58,21.12508,11.166471,21.382917292649,10.94808110056831
17.50312,10.58,21.12508,11.166471,21.42651390756085,10.916402154615485
17.46498,10.58,21.108168,11.177191,21.465542058375306,10.888008383909876
17.412827,10.58,21.10817,11.177189,21.501271309596767,10.862077708720122
17.351332,10.58,21.10817,11.17719,21.53383780812645,10.83850695427816
17.315525,10.58,20.237923,11.772145,21.507046719016145,10.855704410847254
17.257145,10.58,21.130434,11.163032,21.537015547457326,10.834343945965426
17.194096,10.58,21.130434,11.163032,21.564165332612202,10.815076879614079
17.16296,10.58,21.130434,11.163032,21.588619833699614,10.797809375633904
17.100687,10.58,21.147514,11.152183,21.611606197748724,10.781747116275966
17.039194,10.58,21.147516,11.152181,21.632101235703928,10.76752547028408
17.007278,10.58,21.147516,11.152181,21.650221765873173,10.755056172380298
16.940336,10.58,21.175905,11.134115,21.667919854137185,10.743083425526748
16.882734,10.58,21.175905,11.134116,21.683408408370234,10.732731311610019
16.852377,10.58,21.175905,11.134116,21.69679695291494,10.723917257368324
16.78777,10.58,20.299028,11.728788,21.65143419459854,10.755052565167851
16.722383,10.58,21.17385,11.135411,21.662708283758008,10.74787027892345
16.696697,10.58,21.173847,11.135412,21.672195350098725,10.741991001010648
16.634424,10.58,20.290567,11.734801,21.622817947913017,10.776140154666033
16.572931,10.58,21.167263,11.139575,21.630502197208227,10.771624343060834
16.54024,10.58,21.167263,11.139575,21.63668731242948,10.768196519271472
16.467848,10.58,20.269146,11.749997,21.583323851710052,10.80530492784852
16.417252,10.58,21.209204,11.112951,21.591420420981855,10.800819730498901
16.384558,10.58,21.209204,11.112951,21.598166377868296,10.797299831123214
16.311388,10.58,21.209204,11.112951,21.603634556416853,10.794690359895467
16.260014,10.58,21.257702,11.082082,21.61103501612751,10.790939917376503
16.19852,10.58,21.257702,11.082082,21.61719238145638,10.788061823856099
16.161936,10.58,21.257702,11.082082,21.62217379987495,10.786005837988391
16.105112,10.58,20.382336,11.669656,21.569384125076056,10.822755539429513
16.040504,10.58,21.304644,11.052316,21.57714335260399,10.818998889606382
16.007034,10.58,21.304644,11.052316,21.583811064942918,10.815989944488903
15.950211,10.58,20.441504,11.627638,21.53357437244029,10.850926125421674
15.881711,10.58,21.36106,11.016541,21.543748571082848,10.84572563758814
15.85291,10.58,21.361061,11.01654,21.55286927625531,10.841231089348572
15.79453,10.58,20.524097,11.56908,21.506810056376764,10.87317129058659
15.729923,10.58,21.449015,10.960506,21.521474856807455,10.865157346617377
15.69723,10.58,21.449015,10.960506,21.535033743203986,10.857868318674793
15.632623,10.58,20.584377,11.526617,21.49156294098547,10.887916116470626
15.573464,10.58,21.534472,10.905299,21.510441593712944,10.877183660828694
15.544663,10.58,21.534472,10.905299,21.5281502380616,10.867206692487242
15.482391,10.58,20.665186,11.469918,21.488459406212503,10.894504410524872
15.4208975,10.58,21.64746,10.832051,21.513137809581135,10.879991837158189
15.388205,10.58,21.647463,10.832049,21.536509431100267,10.866314835679269
15.32749,10.58,21.64746,10.83205,21.558608072146765,10.853449078830804
15.26366,10.58,20.757868,11.40691,21.521887094515616,10.878579192084898
15.232525,10.58,21.650152,10.830353,21.54364636606666,10.865905948143174
15.169474,10.58,21.650152,10.830352,21.564227526567628,10.853976069764832
15.10331,10.58,20.745058,11.415507,21.525077612940215,10.880643100013762
15.077622,10.58,21.680157,10.810911,21.547301838282717,10.867606520269174
15.016908,10.58,21.680157,10.810911,21.568374836660052,10.855291165991831
14.953856,10.58,20.802128,11.377531,21.531492715903276,10.880353018545295
14.922721,10.58,21.715483,10.787941,21.5545400594568,10.866704973613507
14.858892,10.58,21.715483,10.787941,21.576443636987715,10.853770009686768
14.784944,10.58,20.86843,11.334498,21.542402241641774,10.876907378054396
14.764706,10.58,21.74946,10.765909,21.566133971607783,10.862733148670488
14.70399,10.58,21.74946,10.765909,21.58872604104806,10.849267004557355
14.643275,10.58,20.874544,11.330488,21.553572008252218,10.873036165700444
14.611361,10.58,21.777323,10.7476845,21.57765986096641,10.858532460301111
14.542861,10.58,21.777323,10.7476845,21.600620329984114,10.844727839601903
14.485259,10.58,21.777323,10.747685,21.622476736547497,10.831606967496336
14.452566,10.58,21.808266,10.727521,21.64525614546135,10.817848698383775
14.387181,10.58,21.808264,10.727522,21.66691347732639,10.804785700056694
14.330358,10.58,21.808264,10.727522,21.687474647251662,10.792401158128023
14.3,10.58,20.906713,11.309342,21.648610816707507,10.818337873617748
14.3,10.58,17.131498,14.182325,21.36629700474576,11.029619296874648
14.3,10.676126,16.141108,14.883326,21.028993251864115,11.279416812423777
14.3,10.737582,16.141108,14.883326,20.70295241218469,11.520838910438345
14.3,10.7943125,16.280275,14.799904,20.39715854098479,11.74850594023408
14.3,10.833708,15.899885,15.010789,20.07763350200591,11.981685326171906
14.3,10.8951645,15.899885,15.010789,19.769756264620987,12.20632193862626
14.3,10.950318,16.010239,14.957399,19.480581606545133,12.419027172111495
14.3,10.990502,16.010239,14.957399,19.202619994733947,12.62345367653651
14.3,11.052747,15.777367,15.069356,18.92067344037149,12.826941944517676
14.3,11.106325,15.8889885,15.016152,18.657404317911777,13.018664321946494
14.3,11.147297,15.8889885,15.016152,18.405189344634685,13.202296487202114
14.3,11.209541,15.733109,15.088878,18.15376872331187,13.38267234413333
14.3,11.267847,15.844031,15.039003,17.92056706730693,13.551834275958154
14.3,11.304879,15.844031,15.039003,17.69796954432614,13.713262723194468
14.3,11.3687,15.844031,15.039003,17.48577113745511,13.867109169613139
14.3,11.4191265,15.704092,15.101743,17.274699654701017,14.01759266855216
14.3,11.463249,15.786101,15.068702,17.079202211719483,14.158541501715913
14.3,11.534162,15.786101,15.068702,16.893562562377117,14.292335245231955
14.3,11.572769,15.673988,15.114967,16.710287254784358,14.422142373024094
14.3,11.620044,15.755692,15.083336,16.541922424871768,14.542998169451497
14.3,11.699623,15.924419,15.001993,16.39367663316431,14.65193458578973
14.3,11.729564,16.200209,14.843,16.271862914981444,14.744285545376576
14.3,11.7792015,15.918844,15.004717,16.13956688498996,14.841339848088786
14.3,11.848538,15.918844,15.004717,16.01535676968508,14.932465344694922
14.3,11.884782,16.195223,14.84606,15.916867157640622,15.007579219214497
14.3,11.935208,15.907967,15.009902,15.806761046609552,15.088086995149412
14.3,12.002181,15.907967,15.009902,15.704000713041578,15.163214609178686
14.3,12.040789,15.907967,15.009902,15.60833289939464,15.233147844427885
14.3,12.0959425,16.178318,14.856707,15.537004643493296,15.288155698246928
14.3,12.1621275,16.178318,14.856707,15.471680139020535,15.338670013000575
14.3,12.197583,16.178318,14.856707,15.41211204017827,15.384872408710342
14.3,12.250373,16.159967,14.8674755,15.356868769904482,15.427639120129388
14.3,12.314194,16.159967,14.8674755,15.306937964998236,15.466426290329792
14.3,12.381166,15.909771,15.007039,15.245889081146352,15.51044126531261
14.3,12.407955,15.90977,15.007039,15.190227330463616,15.55051864774557
14.3,12.470988,16.20237,14.840092,15.158663764074445,15.576020513955605
14.3,12.537961,15.976819,14.974019,15.116800852154167,15.606949079744128
14.3,12.565537,15.976819,14.974019,15.079507412929106,15.634507004294218
14.3,12.629358,16.408945,14.697932,15.074538870542884,15.640982388451484
14.3,12.691604,16.00715,14.958633,15.046770318232362,15.661873901745132
14.3,12.74203,16.00715,14.958633,15.02287597444043,15.679892404070813
14.3,12.786153,16.00715,14.958633,15.00265674161272,15.695184894158041
14.3,12.849974,16.52089,14.617329,15.019171610737645,15.68580285837719
14.3,12.898037,16.006737,14.958793,15.004585018967104,15.696819737593405
14.3,12.944524,16.006739,14.958793,14.993109850675548,15.705527543146722
14.3,13.008345,16.55013,14.596373,15.019741962489828,15.688598267039326
14.3,13.065074,16.0066,14.958878,15.01277811850045,15.693866990904127
14.3,13.101318,16.006598,14.958878,15.008414033250448,15.697205275132179
14.3,13.1643505,16.006598,14.958878,15.006490986813253,15.698730853744323
14.3,13.209262,16.006598,14.958878,15.006855134792232,15.698557760059403
14.3,13.261264,16.006598,14.958878,15.009357644759262,15.696796319636546
14.3,13.327449,15.98141,14.970902,15.012224363831319,15.694331495154671
14.3,13.365269,15.98141,14.970902,15.017001380489456,15.690461805456563
14.3,13.418058,16.329233,14.752775,15.046068526714338,15.671167665036766
14.3,13.448787,16.018349,14.952598,15.055906197474167,15.664070434101463
14.3,13.519699,16.018349,14.952598,15.067188369733843,15.655894038460211
14.3,13.574853,16.311167,14.7648735,15.098750603103163,15.63457505079553
14.3,13.606369,16.311169,14.764873,15.130891844683182,15.612755211116847
14.3,13.676494,15.951814,14.9867525,15.14024475116652,15.604875975130993
14.3,13.7316475,16.23965,14.815023,15.169378319304029,15.585054420386077
14.3,13.793104,15.9220085,15.002006,15.178380322297759,15.576953621684499
14.3,13.8325,15.9220085,15.002006,15.188407734041716,15.5681338503594
14.3,13.893169,15.9220085,15.002006,15.199372497955373,15.558660716558695
14.3,13.953838,15.947383,14.988594,15.212832658930159,15.547728898805323
14.3,13.988506,15.947383,14.988593,15.227010031177409,15.536295488091456
14.3,14.0476,15.947383,14.988593,15.241827532801446,15.524417735702018
14.3,14.10433,16.308758,14.767521,15.280602670385862,15.49784058118562
14.3,14.144513,15.946341,14.989055,15.295632901596827,15.485743781701327
14.3,14.208334,15.946341,14.989055,15.311097408191142,15.47335589590365
14.3,14.261125,15.946341,14.989055,15.32693463866371,15.46072255383016
14.3,14.2989435,15.946341,14.989055,15.343086219588738,15.447886962785123
14.3,14.361977,15.923736,15.000418,15.358033708952433,15.435625474120991
14.3,14.418707,15.923737,15.000418,15.373237067076454,15.423216511854115
14.3,14.456527,15.923737,15.000418,15.388646795380007,15.410696455871223
14.3,14.521135,16.119955,14.893137,15.416916995175276,15.391155530525069
14.3,14.574713,15.876157,15.024883,15.429097126856828,15.380330127344342
14.3,14.614109,15.876157,15.024883,15.441455627839193,15.369436778100484
14.3,14.681081,15.724807,15.096799,15.444157680306589,15.363158374664607
14.3,14.728356,15.881325,15.022385,15.457422793509787,15.351893690982832
14.3,14.773267,15.881325,15.022385,15.470745969298209,15.340645585121592
14.3,14.837875,16.143097,14.878663,15.50103856238832,15.320134532563296
14.3,14.88515,15.890297,15.01814,15.514395652503389,15.309024455686329
14.3,14.930061,15.890297,15.01814,15.527701050751306,15.298004474207032
14.3,15.003337,16.10276,14.905312,15.554681607978472,15.27978946731586
14.3,15.041157,16.10276,14.905311,15.58110098876526,15.261943610703153
14.3,15.08922,15.876259,15.025953,15.592277453635303,15.25229059002841
14.3,15.15698,15.876259,15.025953,15.603344597820566,15.24277293567737
14.3,15.195588,15.87703,15.025608,15.61433550374137,15.23338012155004
14.3,15.245226,15.87703,15.025607,15.625183067898071,15.22414591656551
14.3,15.316926,15.87703,15.025608,15.635873110737142,15.21508014457787
14.3,15.354746,15.87703,15.025608,15.646392711153933,15.206191448267608
14.3,15.402808,15.8724985,15.027802,15.656436815827144,15.197629626521964
14.3,15.469781,15.8724985,15.027802,15.666298019307716,15.189254742825613
14.3,15.506813,15.872498,15.027803,15.67596677390062,15.181072869425897
14.3,15.559603,15.8724985,15.027802,15.685434749205694,15.173089085019175
14.3,15.631303,15.873917,15.027248,15.69478619846902,15.165272027602523
14.3,15.666759,15.873917,15.027248,15.70391971708647,15.157662476078796
14.3,15.717974,16.104746,14.9042845,15.727770718716155,15.142304276980976
14.3,15.786522,15.884719,15.021035,15.736651251347151,15.134982476237983
14.3,15.819613,15.884718,15.021035,15.745277100033993,15.1278881894189
14.3,15.876344,15.884719,15.021035,15.753646217985201,15.121022031379184
14.3,15.935437,15.900279,15.01222,15.762764238608899,15.113813520869309
14.3,15.974833,15.900279,15.01222,15.771589444552712,15.106851906967494
14.3,16.03235,15.900279,15.01222,15.780121704638042,15.100136263027744
14.3,16.100111,15.7624035,15.078981,15.779437154271656,15.097986481279943
14.3,16.131626,15.960735,14.981838,15.791597652660158,15.089646892183788
14.3,16.209631,15.960735,14.981838,15.803336787719338,15.08161397086062
14.3,16.253754,16.04635,14.940537,15.820198124650586,15.071211932107788
14.3,16.31521,16.04635,14.940537,15.836457117186185,15.061200611782827
14.3,16.36485,16.04635,14.940537,15.852117593825525,15.051576368934395
14.3,16.412123,15.799312,15.061779,15.851194159722153,15.05018265595045
14.3,16.484612,16.043442,14.942305,15.866020297789118,15.041170921386275
14.3,16.524008,16.043442,14.942305,15.880270445296896,15.032528698813707
14.3,16.568918,15.80117,15.06076,15.878269383469256,15.031918081268845
14.3,16.637466,15.80117,15.06076,15.87623112002623,15.031409356990283
14.3,16.675285,16.048023,14.939539,15.890140703294678,15.023150694089168
14.3,16.725712,16.048023,14.93954,15.903491369754974,15.01524584812229
14.3,16.789534,15.884369,15.021922,15.90569744880161,15.013021366866642
14.3,16.832869,16.0469,14.940193,15.91823487089412,15.005669988485886
14.3,16.88487,16.0469,14.940193,15.930239010345929,14.998652855407748
14.3,16.952631,15.8811655,15.02337,15.930990817778321,14.9973473426563
14.3,16.99439,16.043293,14.942269,15.942080364595565,14.990933155053897
14.3,17.041666,16.043291,14.942269,15.952670857740655,14.98482890839713
14.3,17.10391,15.875344,15.026181,15.95190099685946,14.984459169981156
14.3,17.143307,16.012232,14.95875,15.95987583818507,14.979838900972844
14.3,17.200035,16.012232,14.95875,15.96744770520663,14.975472086586041
14.3,17.231552,16.012232,14.95875,15.974626307463144,14.971351764462394
14.3,17.301676,16.00244,14.963406,15.98078774103889,14.967772251810947
14.3,17.35683,16.00244,14.963406,15.986597180546363,14.964414990161517
14.3,17.418287,16.002441,14.963406,15.992064970377804,14.961272853748763
14.3,17.456894,16.21548,14.840622,16.010990843546328,14.950391202002592
14.3,17.512836,16.21548,14.840622,16.029133894821555,14.939976520289303
14.3,17.574293,16.21548,14.840622,16.04650556034894,14.93002110432707
14.3,17.610538,17.098831,14.210828,16.120295491446175,14.879751595224704
14.3,17.674358,17.098831,14.210827,16.191425239098425,14.831289316243707
14.3,17.731089,17.098831,14.210827,16.25991317367364,14.784622148273181
14.3,17.766544,16.65103,14.556464,16.29679699734255,14.762107143251885
14.3,17.846123,17.094704,14.214068,16.360777466199522,14.718442272614645
14.3,17.883944,17.094704,14.214068,16.422203730648146,14.676513027859645
14.3,17.927279,16.652037,14.555585,16.452455442938646,14.658403333688796
14.3,17.992674,17.104347,14.206477,16.51045766976078,14.618646534873399
14.3,18.040737,17.104347,14.206476,16.565989822574473,14.580571730739539
14.3,18.081709,17.104347,14.206477,16.619091696026494,14.544152507308574
14.3,18.144741,17.120079,14.194382,16.670824049255703,14.508577487657366
14.3,18.196745,17.120079,14.194382,16.72017939258065,14.474625714114147
14.3,18.238503,16.657309,14.551274,16.73725076058795,14.465366394138742
14.3,18.301537,16.657309,14.551274,16.753044263119303,14.456892184115558
14.3,18.355902,17.139328,14.1797495,16.798808495910713,14.425122623757316
14.3,18.396873,17.139328,14.17975,16.842346882491253,14.39487888063408
14.3,18.474089,16.661354,14.548293,16.852771165188503,14.389982474201478
14.3,18.507969,17.14691,14.1739025,16.893535697501868,14.361511882760933
14.3,18.556032,17.14691,14.173902,16.932209551782492,14.334478363778246
14.3,18.627731,16.666485,14.544613,16.937747596685586,14.33284273041402
14.3,18.663187,17.150322,14.17134,16.973658264982433,14.307609801781332
14.3,18.717554,16.664839,14.545764,16.97620231359971,14.307951085981877
14.3,18.780586,16.664839,14.545764,16.97790837129144,14.308784547499942
14.3,18.819195,17.132475,14.18476,17.009096025883494,14.286709555694346
14.3,18.868834,17.132475,14.18476,17.038531779107085,14.265842963923015
14.3,18.939745,16.670322,14.541697,17.036351280102306,14.269255374675318
14.3,18.977564,17.13936,14.179538,17.063880164119315,14.249594334116374
14.3,19.03587,17.13936,14.179537,17.089790390533214,14.231054350280923
14.3,19.091024,16.66292,14.547069,17.08329178097892,14.23739251899039
14.3,19.129631,16.66292,14.547069,17.07630476224556,14.243990103546261
14.3,19.184786,17.128363,14.187836,17.099003116047776,14.227563705700547
14.3,19.248606,16.662012,14.547842,17.090109921116795,14.235417042327889
14.3,19.296669,17.123512,14.191636,17.110738475891154,14.220381254705144
14.3,19.342367,17.12351,14.191637,17.13005929034085,14.206256600474651
14.3,19.405401,16.667938,14.5434475,17.118627188310477,14.215786490050673
14.3,19.44716,16.667938,14.5434475,17.10696045042757,14.225408094761981
14.3,19.499163,17.145174,14.175091,17.12598989533986,14.211251768598327
14.3,19.56377,16.674759,14.53841,17.11338017770004,14.221450401169935
14.3,19.598438,16.674759,14.53841,17.100638144875614,14.23167432136936
14.3,19.67723,17.16178,14.162413,17.11932365941659,14.21756230605144
14.3,19.720566,17.16178,14.162413,17.13689151263684,14.2042444692469
14.3,19.75287,17.179068,14.149179,17.154495084854627,14.190841650889064
14.3,19.834024,17.179068,14.149179,17.171012355179293,14.178216272830706
14.3,19.870268,16.692945,14.524342,17.155012324402794,14.190628717789405
14.3,19.910452,16.692945,14.524343,17.13904872498633,14.20295944535759
14.3,19.993183,17.177402,14.150456,17.15451153541363,14.190986211414202
14.3,20.034943,16.696913,14.521321,17.137921952264204,14.203705583470068
14.3,20.09955,16.696913,14.521321,17.121452497841,14.216288499780307
14.3,20.142887,17.218426,14.119489,17.138887376723602,14.202706861196683
14.3,20.194101,17.218426,14.119489,17.155365735924832,14.18982437323033
14.3,20.255558,16.709005,14.512176,17.137940215553716,14.203041377861254
14.3,20.298105,17.242947,14.100992,17.155275862987985,14.189456398896846
14.3,20.350895,17.242945,14.100993,17.17167887651509,14.17655950396359
14.3,20.41314,16.752888,14.4811125,17.15545398208348,14.188938255468509
14.3,20.454899,17.442587,13.947043,17.184051423061,14.166578490033213
14.3,20.510054,17.442587,13.947044,17.211356896126365,14.14519134146706
14.3,20.572298,17.442587,13.947044,17.23739497966278,14.124760044281363
14.3,20.615633,17.456367,13.9362135,17.263083388783148,14.104565852322114
14.3,20.665272,17.456367,13.9362135,17.2875270196849,14.085314724872203
14.3,20.73697,16.786232,14.455103,17.26737721801843,14.100573798038841
14.3,20.7677,16.786234,14.455103,17.24749131973155,14.115611851168449
14.3,20.82837,17.538654,13.872639,17.276597612312987,14.09270906901285
14.3,20.892979,17.538652,13.872639,17.304386491344758,14.07081283268006
14.3,20.922918,17.58019,13.840496,17.333571933187297,14.047824820197917
14.3,20.985952,17.58019,13.840496,17.36140157729295,14.025876423904226
14.3,21.041105,17.58019,13.840495,17.387903000091836,14.004947753224759
14.3,21.078138,18.821562,12.808474,17.49345603443653,13.91821768408937
14.3,21.138807,17.60052,13.824801,17.516013523094745,13.900486269204432
14.3,21.197113,17.60052,13.824801,17.53729365873439,13.88373890137209
14.3,21.23572,17.60052,13.824801,17.557333103478705,13.86794810144302
14.3,21.2956,17.669838,13.771144,17.580655677888764,13.849612968745616
14.3,21.357058,17.66984,13.771144,17.602661613589355,13.832294939528941
14.3,21.39409,17.66984,13.771144,17.623388426709496,13.815965629024547
14.3,21.453184,18.562569,13.024625,17.70065842269791,13.752275846283466
14.3,21.50755,17.499643,13.903785,17.705990005254563,13.748041071712718
14.3,21.548521,17.499643,13.903784,17.710530263896505,13.74441713695019
14.3,21.610765,17.499643,13.903784,17.714320600983026,13.741372400093848
14.3,21.669071,17.551146,13.864142,17.720734984318646,13.736310057585452
14.3,21.706104,17.551144,13.864143,17.726367320183275,13.731851887021325
14.3,21.7715,17.541483,13.871566,17.73063085144138,13.728448801138752
14.3,21.819563,17.541483,13.871565,17.73420938347328,13.725575416696069
14.3,21.862898,17.541483,13.871566,17.73713951620354,13.72320378236771
14.3,21.936174,17.541483,13.871566,17.739456882682454,13.721306489962332
14.3,21.977144,17.594837,13.829984,17.744649636346313,13.717165422758825
14.3,22.021269,17.594837,13.829984,17.74918230686432,13.713536365913688
14.3,22.092968,16.856825,14.400282,17.705317937165137,13.747308148305459
14.3,22.13,16.856825,14.400282,17.662457952291675,13.780306007944471
14.3,22.13,16.822504,14.426813,17.61840851454653,13.81422598788579
14.273381,22.13,16.822502,14.426814,17.575489039487785,13.847275178664361
14.211477,22.13,16.557703,14.626069,17.516579466735482,13.892335744646667
14.17681,22.13,16.815544,14.432121,17.476098894569574,13.923512526620637
14.127287,22.13,16.815544,14.43212,17.436810096212096,13.95377110484441
14.090764,22.13,16.815544,14.43212,17.398720892435172,13.98310553839356
14.052383,22.13,16.550268,14.631522,17.344665286398417,14.024419044304285
14.002859,22.13,16.818243,14.42985,17.30973611388301,14.05131746202569
13.965717,22.13,16.543003,14.636842,17.25818931570501,14.090691514701824
13.9291935,22.13,16.543003,14.636842,17.208432443334047,14.128698017541138
13.877813,22.13,16.810825,14.435524,17.17779277184688,14.152312451718887
13.845004,22.13,16.810825,14.435523,17.148342774313754,14.17501075682395
13.796719,22.13,16.812294,14.434349,17.12016419408709,14.19672721801117
13.755242,22.13,16.812294,14.434349,17.093143784056437,14.217551876152065
13.723671,22.13,16.812294,14.43435,17.067265009818662,14.237497484279904
13.680339,22.13,16.812294,14.434349,17.04250993842995,14.256577687763924
13.6308155,22.13,16.8259,14.420948,17.019739996454163,14.273939882535029
13.599863,22.13,16.8259,14.420947,16.99802472286209,14.290496103252682
13.555911,22.13,17.460632,13.935419,17.01842766603975,14.274835638444522
13.531768,22.13,16.848633,14.403591,16.99885288042828,14.289758583316512
13.476673,22.13,17.526512,13.88441,17.0240978854779,14.270356323876179
13.43396,22.13,17.526512,13.88441,17.04879530359613,14.251375324046153
13.385674,22.13,17.503489,13.902098,17.071436904639967,14.23397425429361
13.355341,22.13,17.50349,13.902097,17.093547396268868,14.21698177542775
13.309532,22.13,17.50349,13.902097,17.115113222962297,14.200408246002437
13.254437,22.13,16.854143,14.399392,17.09409220989685,14.21645120240036
13.225962,22.13,17.483679,13.917497,17.11466138400144,14.200659331214213
13.185104,22.13,17.483679,13.917497,17.134697157973402,14.185277296137043
13.131866,22.13,17.484589,13.91689,17.15424962010952,14.170272573117334
13.110819,22.13,17.48459,13.916888,17.173250973352683,14.155691011831353
13.057582,22.13,17.484589,13.916891,17.191695556724586,14.141537058965122
13.017963,22.13,17.48459,13.916889,17.20957976526273,14.127813341701481
12.982677,22.13,17.479763,13.920719,17.22658860382232,14.114769713045161
12.938107,22.13,17.479765,13.920718,17.243044108945416,14.102150675147671
12.896011,22.13,17.479765,13.920718,17.258946392471806,14.089956093406618
12.85144,22.13,16.823145,14.422899,17.231795333917677,14.11068991702199
12.814298,22.13,17.437366,13.95333,17.245275184237148,14.100362675207458
12.77406,22.13,17.437366,13.953331,17.25829790952923,14.090385997770827
12.740013,22.13,17.437366,13.953331,17.27086493696362,14.080758708260534
12.681824,22.13,17.3889,13.990234,17.27984150891254,14.073867683553873
12.647776,22.13,17.3889,13.990234,17.288472886988497,14.067241843255776
12.616204,22.13,17.388899,13.990235,17.296762626092868,14.060878412614247
12.565443,22.13,17.332428,14.033034,17.301059799856038,14.057544390591588
12.527062,22.13,17.332428,14.033034,17.305146660563604,14.054373169570903
12.493015,22.13,17.332428,14.033034,17.30902798351408,14.05136106954103
12.435444,22.13,17.277838,14.074475,17.309175176611017,14.051186685178738
12.40573,22.13,17.27784,14.074473,17.309245198836702,14.051073826227832
12.367969,22.13,17.277838,14.074475,17.30924265107395,14.051018997134971
12.306064,22.13,17.216679,14.120721,17.30521366196622,14.054011813279248
12.278208,22.13,17.216679,14.120721,17.3012540041767,14.056955168775009
12.24416,22.13,17.216679,14.12072,17.29736775276337,14.059845838394308
12.192161,22.13,17.216679,14.12072,17.293558560274356,14.062681040999708
12.162446,22.13,17.16277,14.161591,17.286340248071177,14.06810370227643
12.12159,22.13,17.162767,14.161592,17.279321816712923,14.073377592975678
12.070209,22.13,17.162767,14.161592,17.27250562497937,14.07850087828261
12.039257,22.13,17.175797,14.152088,17.266736666605237,14.08285709603341
11.996543,22.13,17.175797,14.152089,17.261144462818713,14.087081118778645
11.947021,22.13,17.175797,14.152089,17.2557296657743,14.09117230913239
11.911115,22.13,16.679964,14.535924,17.218398380408665,14.119975185646194
11.873353,22.13,17.212576,14.124532,17.216793876415224,14.121184706795068
11.823831,22.13,17.212576,14.124532,17.21528410706166,14.122323176291381
11.792878,22.13,17.212576,14.124532,17.213866205247793,14.123392731220758
11.738402,22.13,17.188381,14.143049,17.21097122102882,14.125594115212106
11.699403,22.13,17.188381,14.143049,17.20821477194645,14.127690755083153
11.670926,22.13,17.188383,14.143048,17.20559397518294,14.12968483499472
11.625117,22.13,17.184708,14.146071,17.2028676940494,14.131774422471599
11.580547,22.13,17.184708,14.146071,17.2002786080518,14.133759672778524
11.549594,22.13,17.184708,14.146072,17.197823435728314,14.1356431080725
11.487072,22.13,17.169785,14.157796,17.194532879935547,14.138186023070512
11.457357,22.13,17.169785,14.157796,17.191401796420976,14.140606747054472
11.426405,22.13,17.169783,14.157798,17.188426510378918,14.142908077842565
11.361405,22.13,16.63601,14.568867,17.151053534953775,14.171700216034456
11.3341675,22.13,17.134912,14.184407,17.147278739781406,14.174602371782553
11.278454,22.13,17.134912,14.184408,17.143721536745385,14.177337942143541
11.243787,22.13,17.134912,14.184407,17.140375534009447,14.17991167277726
11.197978,22.13,17.082775,14.224297,17.133859561472484,14.18491048038812
11.155264,22.13,17.082775,14.224297,17.127654883635355,14.189670898407297
11.120599,22.13,17.082775,14.224297,17.121754768641765,14.194198062903817
11.076646,22.13,16.996485,14.29167,17.110566880431264,14.202858202857799
11.030217,22.13,16.996485,14.29167,17.099856457715973,14.211149845636871
10.998646,22.13,16.996485,14.29167,17.089615756403177,14.219078912645278
10.955314,22.13,16.595167,14.598796,17.053860130460134,14.246531305767764
10.907648,22.13,17.04431,14.254723,17.048498950456374,14.250697443279444
10.876695,22.13,17.04431,14.254723,17.043475728211526,14.254602620408162
10.832743,22.13,17.04431,14.254723,17.038779451143924,14.25825528362912
10.783838,22.13,17.004015,14.285609,17.031790930385974,14.263663102302864
10.753506,22.13,17.004015,14.285609,17.025194695667093,14.268768343314553
10.709554,22.13,17.004015,14.285609,17.01897961948101,14.273579551806849
10.64703,22.13,17.077557,14.227703,17.017894655732757,14.274357220460114
10.630935,22.13,17.077555,14.227703,17.01700881414833,14.27498366330619
10.585745,22.13,17.077555,14.227703,17.016311240953858,14.275467314176094
10.539317,22.13,17.282587,14.068786,17.029062542272555,14.265530001353032
10.508365,22.13,17.282587,14.068786,17.041536724576257,14.255810450920567
10.460079,22.13,17.282587,14.068786,17.05372474986791,14.246315586034184
10.409318,22.13,16.724371,14.501232,17.029486708823107,14.265042686043463
10.376509,22.13,17.632149,13.799769,17.064916151135648,14.237664270747063
10.33627,22.13,17.632149,13.799768,17.099278959711626,14.211110994020823
10.295414,22.13,17.632149,13.799768,17.13256986614436,14.185386927347393
10.263843,22.13,17.661848,13.776687,17.16670863171257,14.158999994058044
10.210605,22.13,17.661848,13.776687,17.19970840545835,14.133494279170389
10.171605,22.13,17.661848,13.776687,17.231571550100128,14.108867899237
10.132606,22.13,17.644615,13.790004,17.26118728675667,14.085979177695343
10.0892725,22.13,17.644615,13.790004,17.289715222041597,14.063931948019706
10.049654,22.13,17.644615,13.790004,17.31716407553433,14.042719419233999
10.016226,22.13,16.991077,14.293168,17.30124230393359,14.054902130337108
9.966702,22.13,18.515118,13.067019,17.384328088080874,13.987445681838702
9.927084,22.13,18.515118,13.067019,17.464481236484417,13.922365125783228
9.892417,22.13,18.515118,13.06702,17.541718241728134,13.859647473736846
9.828656,22.13,18.56057,13.02944,17.619002848592093,13.79684284603505
9.801418,22.13,18.560568,13.029441,17.693321001451835,13.736443981871755
9.768609,22.13,18.56057,13.02944,17.764704242780514,13.67842565208901
9.711657,22.13,18.560562,13.029525,17.83318756413379,13.622764787636513
9.682562,22.13,18.560562,13.029524,17.898811053691592,13.56942378902992
9.6448,22.13,18.560562,13.029524,17.961617911837223,13.518367905578534
9.588468,22.13,18.601389,12.995629,18.02429726060894,13.46736571728159
9.560611,22.13,18.60139,12.995628,18.08416759396394,13.418644599396064
9.520991,22.13,18.60139,12.995628,18.14128114486182,13.372162321928846
9.467754,22.13,18.601389,12.995629,18.195692722728587,13.327874548932785
9.437421,22.13,21.25656,11.08384,18.41932289930061,13.161989139323444
9.392231,22.13,21.25656,11.083839,18.63461349064093,13.002347083269598
9.347041,22.13,21.25656,11.083839,18.84163873573054,12.848889546452792
9.316089,22.13,21.316458,11.0450535,19.044363029444845,12.69903754264454
9.268422,22.13,21.316458,11.0450535,19.238878815667515,12.555308399498132
9.221375,22.13,21.31646,11.045052,19.425296897769183,12.41761648729639
9.19228,22.13,22.561634,10.240525,19.684335520636722,12.23379372242418
9.14709,22.13,21.518948,10.911823,19.86533852796845,12.101010585182777
9.098186,22.13,21.51895,10.911822,20.03820165263788,11.974250535560847
9.067853,22.13,21.518946,10.911824,20.203077590030045,11.853398013022412
9.025758,22.13,21.828606,10.707507,20.380170623201103,11.725106872660891
8.973758,22.13,21.828606,10.707507,20.548933047374724,11.60291918110648
8.947759,22.13,21.828606,10.707507,20.7095391371962,11.486704105421987
8.90133,22.13,22.35094,10.372355,20.895979100680208,11.354632749826889
8.851807,22.13,22.35094,10.372355,21.07349756299318,11.228985912318299
8.8264265,22.13,22.35094,10.372355,21.242288111063715,11.109619458232093
8.761427,22.13,22.33756,10.380772,21.40168461474308,10.996929761329646
8.729237,22.13,22.33756,10.380772,21.55278756260191,10.890201780111479
8.7038555,22.13,22.337563,10.38077,21.695807142808086,10.789280300786766
8.635761,22.13,20.985725,11.251491,21.743455790301734,10.750367650017946
8.60419,22.13,22.307661,10.399881,21.87194759205641,10.659934646558574
8.577571,22.13,22.307661,10.399881,21.993064633647432,10.574792805963373
